state,state_code_census,census_district_code,district_name_census,population,rural_population,urban_population,urban_share,literacy_rate,male_literacy_rate,female_literacy_rate,sc_share,st_share,worker_participation_rate,main_worker_share,agri_worker_share,other_worker_share,data_year,source
Rajasthan,8,8-99,Ganganagar ,1969168,1433736,535432,27.19,69.64,78.5,59.7,36.58,0.68,46.35,74.57,54.65,45.35,2011,Census 2011 PCA District-level (DDW_PCA0000_2011_Indiastatedist.xlsx)
Rajasthan,8,8-100,Hanumangarh,1774692,1424228,350464,19.75,67.13,77.41,55.84,27.85,0.81,47.07,76.88,64.33,35.67,2011,Census 2011 PCA District-level (DDW_PCA0000_2011_Indiastatedist.xlsx)
Rajasthan,8,8-101,Bikaner,2363937,1563553,800384,33.86,65.13,75.9,53.23,20.88,0.33,41.72,76.33,61.15,38.85,2011,Census 2011 PCA District-level (DDW_PCA0000_2011_Indiastatedist.xlsx)
Rajasthan,8,8-102,Churu,2039547,1463312,576235,28.25,66.75,78.78,54.04,22.15,0.55,44.27,69.6,73.17,26.83,2011,Census 2011 PCA District-level (DDW_PCA0000_2011_Indiastatedist.xlsx)
Rajasthan,8,8-103,Jhunjhunun,2137045,1647966,489079,22.89,74.13,86.9,60.95,16.88,1.95,41.86,66.26,66.01,33.99,2011,Census 2011 PCA District-level (DDW_PCA0000_2011_Indiastatedist.xlsx)
Rajasthan,8,8-104,Alwar,3674179,3019728,654451,17.81,70.72,83.75,56.25,17.77,7.87,46.5,69.03,65.3,34.7,2011,Census 2011 PCA District-level (DDW_PCA0000_2011_Indiastatedist.xlsx)
Rajasthan,8,8-105,Bharatpur,2548462,2053363,495099,19.43,70.11,84.1,54.24,21.87,2.12,42.03,64.88,69.07,30.93,2011,Census 2011 PCA District-level (DDW_PCA0000_2011_Indiastatedist.xlsx)
Rajasthan,8,8-106,Dhaulpur,1206516,959066,247450,20.51,69.08,81.22,54.67,20.36,4.86,43.37,60.71,58.16,41.84,2011,Census 2011 PCA District-level (DDW_PCA0000_2011_Indiastatedist.xlsx)
Rajasthan,8,8-107,Karauli,1458248,1240143,218105,14.96,66.22,81.41,48.61,24.31,22.28,43.12,69.72,71.68,28.32,2011,Census 2011 PCA District-level (DDW_PCA0000_2011_Indiastatedist.xlsx)
Rajasthan,8,8-108,Sawai Madhopur,1335551,1069084,266467,19.95,65.39,81.51,47.51,20.87,21.4,43.28,72.41,69.57,30.43,2011,Census 2011 PCA District-level (DDW_PCA0000_2011_Indiastatedist.xlsx)
Rajasthan,8,8-109,Dausa,1634409,1432616,201793,12.35,68.16,82.98,51.93,21.68,26.51,41.88,73.95,68.26,31.74,2011,Census 2011 PCA District-level (DDW_PCA0000_2011_Indiastatedist.xlsx)
Rajasthan,8,8-110,Jaipur,6626178,3154331,3471847,52.4,75.51,86.05,64.02,15.14,7.97,37.2,83.57,35.53,64.47,2011,Census 2011 PCA District-level (DDW_PCA0000_2011_Indiastatedist.xlsx)
Rajasthan,8,8-111,Sikar,2677333,2043427,633906,23.68,71.91,85.11,58.23,15.64,2.81,37.59,69.42,58.54,41.46,2011,Census 2011 PCA District-level (DDW_PCA0000_2011_Indiastatedist.xlsx)
Rajasthan,8,8-112,Nagaur,3307743,2670539,637204,19.26,62.8,77.17,47.82,21.16,0.31,43.11,69.15,69.99,30.01,2011,Census 2011 PCA District-level (DDW_PCA0000_2011_Indiastatedist.xlsx)
Rajasthan,8,8-113,Jodhpur,3687165,2422551,1264614,34.3,65.94,78.95,51.83,16.49,3.23,40.4,70.92,56.01,43.99,2011,Census 2011 PCA District-level (DDW_PCA0000_2011_Indiastatedist.xlsx)
Rajasthan,8,8-114,Jaisalmer,669919,580894,89025,13.29,57.22,72.04,39.71,14.8,6.33,43.13,60.71,61.04,38.96,2011,Census 2011 PCA District-level (DDW_PCA0000_2011_Indiastatedist.xlsx)
Rajasthan,8,8-115,Barmer,2603751,2421914,181837,6.98,56.53,70.86,40.63,16.76,6.77,46.18,61.65,73.76,26.24,2011,Census 2011 PCA District-level (DDW_PCA0000_2011_Indiastatedist.xlsx)
Rajasthan,8,8-116,Jalor,1828730,1676975,151755,8.3,54.86,70.67,38.47,19.53,9.77,49.03,73.69,72.65,27.35,2011,Census 2011 PCA District-level (DDW_PCA0000_2011_Indiastatedist.xlsx)
Rajasthan,8,8-117,Sirohi,1036346,827692,208654,20.13,55.25,69.98,39.73,19.48,28.22,40.51,74.62,52.86,47.14,2011,Census 2011 PCA District-level (DDW_PCA0000_2011_Indiastatedist.xlsx)
Rajasthan,8,8-118,Pali,2037573,1577567,460006,22.58,62.39,76.81,48.01,19.54,7.1,41.34,71.86,57.08,42.92,2011,Census 2011 PCA District-level (DDW_PCA0000_2011_Indiastatedist.xlsx)
Rajasthan,8,8-119,Ajmer,2583052,1547642,1035410,40.08,69.33,82.44,55.68,18.51,2.46,40.79,78.5,42.17,57.83,2011,Census 2011 PCA District-level (DDW_PCA0000_2011_Indiastatedist.xlsx)
Rajasthan,8,8-120,Tonk,1421326,1103603,317723,22.35,61.58,77.12,45.45,20.26,12.54,45.67,76.38,67.7,32.3,2011,Census 2011 PCA District-level (DDW_PCA0000_2011_Indiastatedist.xlsx)
Rajasthan,8,8-121,Bundi,1110906,888205,222701,20.05,61.52,75.44,46.55,18.97,20.57,47.36,68.63,68.78,31.22,2011,Census 2011 PCA District-level (DDW_PCA0000_2011_Indiastatedist.xlsx)
Rajasthan,8,8-122,Bhilwara,2408523,1895869,512654,21.28,61.37,75.27,47.21,16.94,9.52,47.67,76.93,62.55,37.45,2011,Census 2011 PCA District-level (DDW_PCA0000_2011_Indiastatedist.xlsx)
Rajasthan,8,8-123,Rajsamand,1156597,972777,183820,15.89,63.14,78.42,47.95,12.81,13.9,47.63,65.82,57.04,42.96,2011,Census 2011 PCA District-level (DDW_PCA0000_2011_Indiastatedist.xlsx)
Rajasthan,8,8-124,Dungarpur,1388552,1299809,88743,6.39,59.46,72.88,46.16,3.76,70.82,46.2,33.73,64.25,35.75,2011,Census 2011 PCA District-level (DDW_PCA0000_2011_Indiastatedist.xlsx)
Rajasthan,8,8-125,Banswara,1797485,1669864,127621,7.1,56.33,69.48,43.06,4.46,76.38,50.99,59.24,81.38,18.62,2011,Census 2011 PCA District-level (DDW_PCA0000_2011_Indiastatedist.xlsx)
Rajasthan,8,8-126,Chittaurgarh,1544338,1259074,285264,18.47,61.71,76.61,46.53,16.2,13.05,51.98,81.83,71.84,28.16,2011,Census 2011 PCA District-level (DDW_PCA0000_2011_Indiastatedist.xlsx)
Rajasthan,8,8-127,Kota,1951014,774410,1176604,60.31,76.56,86.31,65.87,20.78,9.42,38.38,77.13,36.76,63.24,2011,Census 2011 PCA District-level (DDW_PCA0000_2011_Indiastatedist.xlsx)
Rajasthan,8,8-128,Baran,1222755,968541,254214,20.79,66.66,80.35,51.96,18.09,22.64,45.19,65.11,72.67,27.33,2011,Census 2011 PCA District-level (DDW_PCA0000_2011_Indiastatedist.xlsx)
Rajasthan,8,8-129,Jhalawar,1411129,1181838,229291,16.25,61.5,75.75,46.53,17.26,12.91,48.61,69.34,78.5,21.5,2011,Census 2011 PCA District-level (DDW_PCA0000_2011_Indiastatedist.xlsx)
Rajasthan,8,8-130,Udaipur,3068420,2459994,608426,19.83,61.82,74.74,48.45,6.14,49.71,44.51,60.21,61.66,38.34,2011,Census 2011 PCA District-level (DDW_PCA0000_2011_Indiastatedist.xlsx)
Rajasthan,8,8-131,Pratapgarh,867848,796041,71807,8.27,55.97,69.5,42.35,6.96,63.42,55.46,68.03,83.78,16.22,2011,Census 2011 PCA District-level (DDW_PCA0000_2011_Indiastatedist.xlsx)
Bihar,10,10-203,Pashchim Champaran,3935042,3541877,393165,9.99,55.7,65.59,44.69,14.08,6.35,37.58,53.93,82.25,17.75,2011,Census 2011 PCA District-level (DDW_PCA0000_2011_Indiastatedist.xlsx)
Bihar,10,10-204,Purba Champaran,5099371,4698028,401343,7.87,55.79,65.34,45.12,12.74,0.24,34.07,65.2,80.94,19.06,2011,Census 2011 PCA District-level (DDW_PCA0000_2011_Indiastatedist.xlsx)
Bihar,10,10-205,Sheohar,656246,628130,28116,4.28,53.78,61.31,45.26,14.73,0.05,32.97,63.69,80.91,19.09,2011,Census 2011 PCA District-level (DDW_PCA0000_2011_Indiastatedist.xlsx)
Bihar,10,10-206,Sitamarhi,3423574,3233076,190498,5.56,52.05,60.64,42.41,11.85,0.09,32.56,67.62,76.43,23.57,2011,Census 2011 PCA District-level (DDW_PCA0000_2011_Indiastatedist.xlsx)
Bihar,10,10-207,Madhubani,4487379,4325884,161495,3.6,58.62,70.14,46.16,13.08,0.09,36.48,65.62,81.71,18.29,2011,Census 2011 PCA District-level (DDW_PCA0000_2011_Indiastatedist.xlsx)
Bihar,10,10-208,Supaul,2229076,2123518,105558,4.74,57.67,69.62,44.77,15.89,0.46,39.37,53.85,86.15,13.85,2011,Census 2011 PCA District-level (DDW_PCA0000_2011_Indiastatedist.xlsx)
Bihar,10,10-209,Araria,2811569,2642792,168777,6.0,53.53,62.3,43.93,13.61,1.38,38.05,65.09,85.51,14.49,2011,Census 2011 PCA District-level (DDW_PCA0000_2011_Indiastatedist.xlsx)
Bihar,10,10-210,Kishanganj,1690400,1529277,161123,9.53,55.46,63.66,46.76,6.69,3.8,31.3,72.66,81.22,18.78,2011,Census 2011 PCA District-level (DDW_PCA0000_2011_Indiastatedist.xlsx)
Bihar,10,10-211,Purnia,3264619,2921614,343005,10.51,51.08,59.06,42.34,11.98,4.27,35.02,67.91,82.43,17.57,2011,Census 2011 PCA District-level (DDW_PCA0000_2011_Indiastatedist.xlsx)
Bihar,10,10-212,Katihar,3071029,2797207,273822,8.92,52.24,59.36,44.39,8.57,5.86,33.0,65.87,82.99,17.01,2011,Census 2011 PCA District-level (DDW_PCA0000_2011_Indiastatedist.xlsx)
Bihar,10,10-213,Madhepura,2001762,1913301,88461,4.42,52.25,61.77,41.74,17.3,0.63,38.84,57.04,86.79,13.21,2011,Census 2011 PCA District-level (DDW_PCA0000_2011_Indiastatedist.xlsx)
Bihar,10,10-214,Saharsa,1900661,1744121,156540,8.24,53.2,63.56,41.68,16.69,0.32,34.19,55.91,80.23,19.77,2011,Census 2011 PCA District-level (DDW_PCA0000_2011_Indiastatedist.xlsx)
Bihar,10,10-215,Darbhanga,3937385,3554057,383328,9.74,56.56,66.83,45.24,15.64,0.07,31.08,59.77,71.82,28.18,2011,Census 2011 PCA District-level (DDW_PCA0000_2011_Indiastatedist.xlsx)
Bihar,10,10-216,Muzaffarpur,4801062,4327625,473437,9.86,63.43,71.28,54.67,15.66,0.12,32.23,58.82,67.36,32.64,2011,Census 2011 PCA District-level (DDW_PCA0000_2011_Indiastatedist.xlsx)
Bihar,10,10-217,Gopalganj,2562012,2399207,162805,6.35,65.47,76.51,54.81,12.49,2.37,28.42,49.86,75.2,24.8,2011,Census 2011 PCA District-level (DDW_PCA0000_2011_Indiastatedist.xlsx)
Bihar,10,10-218,Siwan,3330464,3147551,182913,5.49,69.45,80.23,58.66,11.61,2.61,28.0,49.56,68.78,31.22,2011,Census 2011 PCA District-level (DDW_PCA0000_2011_Indiastatedist.xlsx)
Bihar,10,10-219,Saran,3951862,3598660,353202,8.94,65.96,77.03,54.42,12.0,0.93,26.32,52.44,69.75,30.25,2011,Census 2011 PCA District-level (DDW_PCA0000_2011_Indiastatedist.xlsx)
Bihar,10,10-220,Vaishali,3495021,3261942,233079,6.67,66.6,75.41,56.73,21.12,0.07,30.34,67.53,71.45,28.55,2011,Census 2011 PCA District-level (DDW_PCA0000_2011_Indiastatedist.xlsx)
Bihar,10,10-221,Samastipur,4261566,4113769,147797,3.47,61.86,71.25,51.51,18.85,0.04,31.52,67.55,75.98,24.02,2011,Census 2011 PCA District-level (DDW_PCA0000_2011_Indiastatedist.xlsx)
Bihar,10,10-222,Begusarai,2970541,2400718,569823,19.18,63.87,71.58,55.21,14.55,0.05,31.58,63.08,61.49,38.51,2011,Census 2011 PCA District-level (DDW_PCA0000_2011_Indiastatedist.xlsx)
Bihar,10,10-223,Khagaria,1666886,1579727,87159,5.23,57.92,65.25,49.56,14.83,0.04,33.64,54.61,76.72,23.28,2011,Census 2011 PCA District-level (DDW_PCA0000_2011_Indiastatedist.xlsx)
Bihar,10,10-224,Bhagalpur,3037766,2435234,602532,19.83,63.14,70.3,54.89,10.49,2.21,32.38,54.31,62.06,37.94,2011,Census 2011 PCA District-level (DDW_PCA0000_2011_Indiastatedist.xlsx)
Bihar,10,10-225,Banka,2034763,1963450,71313,3.5,58.17,67.62,47.66,12.18,4.44,37.9,48.52,82.36,17.64,2011,Census 2011 PCA District-level (DDW_PCA0000_2011_Indiastatedist.xlsx)
Bihar,10,10-226,Munger,1367765,987645,380120,27.79,70.46,77.74,62.08,13.44,1.56,31.19,54.7,56.81,43.19,2011,Census 2011 PCA District-level (DDW_PCA0000_2011_Indiastatedist.xlsx)
Bihar,10,10-227,Lakhisarai,1000912,857901,143011,14.29,62.42,71.26,52.57,15.31,0.83,32.63,61.81,73.03,26.97,2011,Census 2011 PCA District-level (DDW_PCA0000_2011_Indiastatedist.xlsx)
Bihar,10,10-228,Sheikhpura,636342,527340,109002,17.13,63.86,73.56,53.4,20.6,0.1,35.3,65.88,73.09,26.91,2011,Census 2011 PCA District-level (DDW_PCA0000_2011_Indiastatedist.xlsx)
Bihar,10,10-229,Nalanda,2877653,2419759,457894,15.91,64.43,74.86,53.1,21.12,0.05,36.33,70.88,72.24,27.76,2011,Census 2011 PCA District-level (DDW_PCA0000_2011_Indiastatedist.xlsx)
Bihar,10,10-230,Patna,5838465,3323875,2514590,43.07,70.68,78.48,61.96,15.77,0.16,32.23,72.87,49.39,50.61,2011,Census 2011 PCA District-level (DDW_PCA0000_2011_Indiastatedist.xlsx)
Bihar,10,10-231,Bhojpur,2728407,2338546,389861,14.29,70.47,81.74,58.03,15.59,0.51,30.15,62.25,67.57,32.43,2011,Census 2011 PCA District-level (DDW_PCA0000_2011_Indiastatedist.xlsx)
Bihar,10,10-232,Buxar,1706352,1541853,164499,9.64,70.14,80.72,58.63,14.75,1.57,31.55,61.03,71.38,28.62,2011,Census 2011 PCA District-level (DDW_PCA0000_2011_Indiastatedist.xlsx)
Bihar,10,10-233,Kaimur (Bhabua),1626384,1560813,65571,4.03,69.34,79.37,58.4,22.69,3.57,31.43,55.69,77.01,22.99,2011,Census 2011 PCA District-level (DDW_PCA0000_2011_Indiastatedist.xlsx)
Bihar,10,10-234,Rohtas,2959918,2532153,427765,14.45,73.37,82.88,62.97,18.57,1.07,31.25,58.65,67.43,32.57,2011,Census 2011 PCA District-level (DDW_PCA0000_2011_Indiastatedist.xlsx)
Bihar,10,10-235,Aurangabad,2540073,2303219,236854,9.32,70.32,80.11,59.71,24.1,0.04,32.98,57.33,72.17,27.83,2011,Census 2011 PCA District-level (DDW_PCA0000_2011_Indiastatedist.xlsx)
Bihar,10,10-236,Gaya,4391418,3809817,581601,13.24,63.67,73.31,53.34,30.39,0.07,37.89,60.52,69.36,30.64,2011,Census 2011 PCA District-level (DDW_PCA0000_2011_Indiastatedist.xlsx)
Bihar,10,10-237,Nawada,2219146,2003567,215579,9.71,59.76,69.98,48.86,25.47,0.09,36.82,62.24,75.14,24.86,2011,Census 2011 PCA District-level (DDW_PCA0000_2011_Indiastatedist.xlsx)
Bihar,10,10-238,Jamui,1760405,1615072,145333,8.26,59.79,71.24,47.28,17.19,4.48,41.33,61.21,67.07,32.93,2011,Census 2011 PCA District-level (DDW_PCA0000_2011_Indiastatedist.xlsx)
Bihar,10,10-239,Jehanabad ,1125313,990117,135196,12.01,66.8,77.66,55.01,19.81,0.11,32.47,68.88,72.7,27.3,2011,Census 2011 PCA District-level (DDW_PCA0000_2011_Indiastatedist.xlsx)
Bihar,10,10-240,Arwal,700843,648994,51849,7.4,67.43,79.06,54.85,20.16,0.08,33.72,68.24,82.01,17.99,2011,Census 2011 PCA District-level (DDW_PCA0000_2011_Indiastatedist.xlsx)
Karnataka,29,29-555,Belgaum,4779661,3568466,1211195,25.34,73.48,82.2,64.58,12.08,6.22,44.05,82.37,64.66,35.34,2011,Census 2011 PCA District-level (DDW_PCA0000_2011_Indiastatedist.xlsx)
Karnataka,29,29-556,Bagalkot ,1889752,1291906,597846,31.64,68.82,79.23,58.4,16.89,5.14,43.29,82.68,61.05,38.95,2011,Census 2011 PCA District-level (DDW_PCA0000_2011_Indiastatedist.xlsx)
Karnataka,29,29-557,Bijapur,2177331,1675353,501978,23.05,67.15,77.21,56.72,20.34,1.81,42.61,81.93,66.16,33.84,2011,Census 2011 PCA District-level (DDW_PCA0000_2011_Indiastatedist.xlsx)
Karnataka,29,29-558,Bidar,1703300,1277348,425952,25.01,70.51,79.09,61.55,23.47,13.85,41.25,78.53,59.98,40.02,2011,Census 2011 PCA District-level (DDW_PCA0000_2011_Indiastatedist.xlsx)
Karnataka,29,29-559,Raichur,1928812,1438464,490348,25.42,59.56,70.47,48.73,20.79,19.03,46.84,80.36,69.61,30.39,2011,Census 2011 PCA District-level (DDW_PCA0000_2011_Indiastatedist.xlsx)
Karnataka,29,29-560,Koppal,1389920,1156216,233704,16.81,68.09,78.54,57.55,18.61,11.82,47.11,77.6,66.65,33.35,2011,Census 2011 PCA District-level (DDW_PCA0000_2011_Indiastatedist.xlsx)
Karnataka,29,29-561,Gadag,1064570,685261,379309,35.63,75.12,84.66,65.44,16.36,5.79,46.57,85.42,66.12,33.88,2011,Census 2011 PCA District-level (DDW_PCA0000_2011_Indiastatedist.xlsx)
Karnataka,29,29-562,Dharwad,1847023,797484,1049539,56.82,80.0,86.37,73.46,9.63,4.74,42.49,88.04,47.39,52.61,2011,Census 2011 PCA District-level (DDW_PCA0000_2011_Indiastatedist.xlsx)
Karnataka,29,29-563,Uttara Kannada,1437169,1018188,418981,29.15,84.06,89.63,78.39,8.1,2.38,42.34,81.89,37.45,62.55,2011,Census 2011 PCA District-level (DDW_PCA0000_2011_Indiastatedist.xlsx)
Karnataka,29,29-564,Haveri,1597668,1242167,355501,22.25,77.4,84.0,70.46,13.77,8.85,45.7,82.45,70.45,29.55,2011,Census 2011 PCA District-level (DDW_PCA0000_2011_Indiastatedist.xlsx)
Karnataka,29,29-565,Bellary,2452595,1532356,920239,37.52,67.43,76.64,58.09,21.1,18.41,45.54,86.79,59.47,40.53,2011,Census 2011 PCA District-level (DDW_PCA0000_2011_Indiastatedist.xlsx)
Karnataka,29,29-566,Chitradurga,1659456,1329923,329533,19.86,73.71,81.37,65.88,23.45,18.23,51.62,77.92,67.78,32.22,2011,Census 2011 PCA District-level (DDW_PCA0000_2011_Indiastatedist.xlsx)
Karnataka,29,29-567,Davanagere,1945497,1316487,629010,32.33,75.74,82.4,68.91,20.18,11.98,44.99,80.56,60.18,39.82,2011,Census 2011 PCA District-level (DDW_PCA0000_2011_Indiastatedist.xlsx)
Karnataka,29,29-568,Shimoga,1752753,1129026,623727,35.59,80.45,86.07,74.84,17.58,3.73,44.54,83.63,57.77,42.23,2011,Census 2011 PCA District-level (DDW_PCA0000_2011_Indiastatedist.xlsx)
Karnataka,29,29-569,Udupi,1177361,843300,334061,28.37,86.24,91.41,81.58,6.41,4.49,43.59,89.52,24.65,75.35,2011,Census 2011 PCA District-level (DDW_PCA0000_2011_Indiastatedist.xlsx)
Karnataka,29,29-570,Chikmagalur,1137961,898453,239508,21.05,79.25,85.41,73.16,22.29,3.95,49.72,84.88,49.84,50.16,2011,Census 2011 PCA District-level (DDW_PCA0000_2011_Indiastatedist.xlsx)
Karnataka,29,29-571,Tumkur,2678980,2079902,599078,22.36,75.14,82.81,67.38,18.92,7.82,50.57,79.61,63.35,36.65,2011,Census 2011 PCA District-level (DDW_PCA0000_2011_Indiastatedist.xlsx)
Karnataka,29,29-572,Bangalore,9621551,871607,8749944,90.94,87.67,91.01,84.01,12.46,1.98,44.14,90.85,4.56,95.44,2011,Census 2011 PCA District-level (DDW_PCA0000_2011_Indiastatedist.xlsx)
Karnataka,29,29-573,Mandya,1805769,1497407,308362,17.08,70.4,78.27,62.54,14.69,1.24,48.26,82.04,69.44,30.56,2011,Census 2011 PCA District-level (DDW_PCA0000_2011_Indiastatedist.xlsx)
Karnataka,29,29-574,Hassan,1776421,1399658,376763,21.21,76.07,83.64,68.6,19.42,1.82,50.87,83.27,66.73,33.27,2011,Census 2011 PCA District-level (DDW_PCA0000_2011_Indiastatedist.xlsx)
Karnataka,29,29-575,Dakshina Kannada,2089649,1093563,996086,47.67,88.57,93.13,84.13,7.09,3.94,47.75,91.66,6.32,93.68,2011,Census 2011 PCA District-level (DDW_PCA0000_2011_Indiastatedist.xlsx)
Karnataka,29,29-576,Kodagu,554519,473531,80988,14.61,82.61,87.19,78.14,13.27,10.47,50.3,92.76,13.02,86.98,2011,Census 2011 PCA District-level (DDW_PCA0000_2011_Indiastatedist.xlsx)
Karnataka,29,29-577,Mysore,3001127,1755714,1245413,41.5,72.79,78.46,67.06,17.88,11.15,43.79,82.34,50.24,49.76,2011,Census 2011 PCA District-level (DDW_PCA0000_2011_Indiastatedist.xlsx)
Karnataka,29,29-578,Chamarajanagar,1020791,845817,174974,17.14,61.43,67.93,54.92,25.42,11.78,47.19,79.18,67.97,32.03,2011,Census 2011 PCA District-level (DDW_PCA0000_2011_Indiastatedist.xlsx)
Karnataka,29,29-579,Gulbarga,2566326,1730775,835551,32.56,64.85,74.38,55.09,25.28,2.54,42.36,77.66,58.46,41.54,2011,Census 2011 PCA District-level (DDW_PCA0000_2011_Indiastatedist.xlsx)
Karnataka,29,29-580,Yadgir,1174271,953594,220677,18.79,51.83,62.25,41.38,23.28,12.51,46.64,79.83,71.94,28.06,2011,Census 2011 PCA District-level (DDW_PCA0000_2011_Indiastatedist.xlsx)
Karnataka,29,29-581,Kolar,1536401,1056328,480073,31.25,74.39,81.81,66.84,30.32,5.13,46.72,81.43,53.53,46.47,2011,Census 2011 PCA District-level (DDW_PCA0000_2011_Indiastatedist.xlsx)
Karnataka,29,29-582,Chikkaballapura,1255104,973985,281119,22.4,69.76,77.75,61.55,24.9,12.47,50.97,83.71,65.52,34.48,2011,Census 2011 PCA District-level (DDW_PCA0000_2011_Indiastatedist.xlsx)
Karnataka,29,29-583,Bangalore Rural,990923,722179,268744,27.12,77.93,84.82,70.63,21.57,5.34,46.41,84.8,46.07,53.93,2011,Census 2011 PCA District-level (DDW_PCA0000_2011_Indiastatedist.xlsx)
Karnataka,29,29-584,Ramanagara,1082636,814877,267759,24.73,69.22,76.76,61.5,18.83,2.12,49.09,86.34,58.44,41.56,2011,Census 2011 PCA District-level (DDW_PCA0000_2011_Indiastatedist.xlsx)
