district_code_x,district_name,state_code,survey_year,n_rural_persons,n_employed,employed_weight,unemp_rate_wt,agri_share_wt,nonagri_share_wt,services_share,edu_secondary_wt,log_wage_median,wage_n,sample_grade,data_status,schema_version,state_code_plfs,state,district_code_num,district_code_y,district_name_standard,bharatnet_treatment,state_group,panel_usable_2x2,panel_usable_3period,data_quality_flag,boundary_note,census_code_resolved,population,rural_population,urban_share,literacy_rate,female_literacy_rate,sc_share,st_share,worker_participation_rate,agri_worker_share,join_year,post_2023,early_treat,late_ctrl,treat_binary,post_early_did,did_sample_2x2,did_sample_3period,log_population,district_code,lfpr_wt,wpr_wt,nilf_share_wt
1,Bagalkote,29,2019,2022,1688,3083479343,10.22,52.42,47.58,30.09,,3.8501,140,A,REAL,1.0,29,Karnataka,1,1.0,Bagalkote,mid,high_connectivity,True,True,VERIFIED,,29-556,1889752,1291906,31.64,68.82,58.4,16.89,5.14,43.29,61.05,2019,0,0,0,0,0,0,0,14.451956161494914,1,92.316,82.882,7.684
2,Bengaluru Urban,29,2019,771,633,1278299892,6.5,52.99,47.01,24.26,,3.8501,55,A,REAL,1.0,29,Karnataka,2,2.0,Bengaluru Urban,early,high_connectivity,True,True,SPELLING_MISMATCH,Urban district — structurally distinct; consider exclusion from DiD,29-583,990923,722179,27.12,77.93,70.63,21.57,5.34,46.41,46.07,2019,0,1,0,1,0,1,1,13.806392110999736,2,90.634,84.738,9.366
3,Bengaluru Rural,29,2019,658,583,907059066,6.16,52.02,47.98,23.83,,3.8286,36,A,REAL,1.0,29,Karnataka,3,3.0,Bengaluru Rural,early,high_connectivity,True,True,SPELLING_MISMATCH,,29-583,990923,722179,27.12,77.93,70.63,21.57,5.34,46.41,46.07,2019,0,1,0,1,0,1,1,13.806392110999736,3,96.244,90.314,3.756
4,Bidar,29,2019,477,413,722321364,11.12,52.76,47.24,14.98,,3.8501,12,B,REAL,1.0,29,Karnataka,4,4.0,Bidar,late,high_connectivity,True,True,VERIFIED,,29-558,1703300,1277348,25.01,70.51,61.55,23.47,13.85,41.25,59.98,2019,0,0,1,0,0,1,1,14.34807810384867,4,90.924,80.81,9.076
5,Vijayapura,29,2019,273,226,278623695,7.95,53.42,46.58,26.67,,3.5553,19,C,REAL,1.0,29,Karnataka,5,5.0,Vijayapura,late,high_connectivity,True,True,SPELLING_MISMATCH,PLFS/older sources use Bijapur,29-557,2177331,1675353,23.05,67.15,56.72,20.34,1.81,42.61,66.16,2019,0,0,1,0,0,1,1,14.593610372756531,5,91.643,84.359,8.357
6,Ballari,29,2019,472,393,595838805,15.44,50.9,49.1,31.25,,3.8501,32,B,REAL,1.0,29,Karnataka,6,6.0,Ballari,mid,high_connectivity,True,True,BOUNDARY_CHANGE,Vijayanagara carved from Ballari in 2021; 2019-20 panel uses Ballari only,29-565,2452595,1532356,37.52,67.43,58.09,21.1,18.41,45.54,59.47,2019,0,0,0,0,0,0,0,14.712657205655129,6,98.026,82.89,1.974
7,Belagavi,29,2019,193,175,258212936,5.79,48.78,51.22,16.47,,3.7136,12,D,REAL,1.0,29,Karnataka,7,7.0,Belagavi,mid,high_connectivity,True,True,SPELLING_MISMATCH,PLFS uses old name Belgaum,29-555,4779661,3568466,25.34,73.48,64.58,12.08,6.22,44.05,64.66,2019,0,0,0,0,0,0,0,15.379880181450568,7,96.221,90.653,3.779
8,Chamarajanagara,29,2019,1329,1150,2283693347,5.61,49.21,50.79,24.25,,3.8501,121,A,REAL,1.0,29,Karnataka,8,8.0,Chamarajanagara,mid,high_connectivity,True,True,SPELLING_MISMATCH,Spelling variant,29-578,1020791,845817,17.14,61.43,54.92,25.42,11.78,47.19,67.97,2019,0,0,0,0,0,0,0,13.836088374919376,8,93.002,87.78,6.998
9,Chikkaballapura,29,2019,489,391,713661859,18.71,48.25,51.75,31.92,,3.8501,42,B,REAL,1.0,29,Karnataka,9,9.0,Chikkaballapura,early,high_connectivity,True,True,VERIFIED,,29-582,1255104,973985,22.4,69.76,61.55,24.9,12.47,50.97,65.52,2019,0,1,0,1,0,1,1,14.04272899564051,9,93.27,75.816,6.73
10,Chikkamagaluru,29,2019,365,313,606029234,4.59,52.5,47.5,25.57,,3.8501,26,B,REAL,1.0,29,Karnataka,10,10.0,Chikkamagaluru,early,high_connectivity,True,True,SPELLING_MISMATCH,PLFS uses old name Chikmagalur,29-570,1137961,898453,21.05,79.25,73.16,22.29,3.95,49.72,49.84,2019,0,1,0,1,0,1,1,13.944748622430897,10,90.668,86.511,9.332
11,Chitradurga,29,2019,888,732,1049536993,9.82,54.06,45.94,22.33,,3.7612,56,A,REAL,1.0,29,Karnataka,11,11.0,Chitradurga,mid,high_connectivity,True,True,VERIFIED,,29-566,1659456,1329923,19.86,73.71,65.88,23.45,18.23,51.62,67.78,2019,0,0,0,0,0,0,0,14.32200039578042,11,93.301,84.139,6.699
12,Dakshina Kannada,29,2019,785,688,912075369,6.74,53.67,46.33,22.34,,3.8501,59,A,REAL,1.0,29,Karnataka,12,12.0,Dakshina Kannada,early,high_connectivity,True,True,VERIFIED,,29-575,2089649,1093563,47.67,88.57,84.13,7.09,3.94,47.75,6.32,2019,0,1,0,1,0,1,1,14.552506667253327,12,96.524,90.017,3.476
13,Davangere,29,2019,575,476,735368252,8.59,48.73,51.27,24.03,,3.8501,31,B,REAL,1.0,29,Karnataka,13,13.0,Davangere,mid,high_connectivity,True,True,SPELLING_MISMATCH,Spelling variant,29-567,1945497,1316487,32.33,75.74,68.91,20.18,11.98,44.99,60.18,2019,0,0,0,0,0,0,0,14.48102802938551,13,92.968,84.984,7.032
14,Dharwad,29,2019,966,807,929874985,1.47,52.11,47.89,25.75,,3.7136,47,A,REAL,1.0,29,Karnataka,14,14.0,Dharwad,early,high_connectivity,True,True,VERIFIED,,29-562,1847023,797484,56.82,80.0,73.46,9.63,4.74,42.49,47.39,2019,0,1,0,1,0,1,1,14.429085711729725,14,85.654,84.399,14.346
15,Gadag,29,2019,215,191,315471128,9.35,54.2,45.8,39.41,,3.8501,37,D,REAL,1.0,29,Karnataka,15,15.0,Gadag,mid,high_connectivity,True,True,VERIFIED,,29-561,1064570,685261,35.63,75.12,65.44,16.36,5.79,46.57,66.12,2019,0,0,0,0,0,0,0,13.87808151972577,15,96.149,87.161,3.851
16,Hassan,29,2019,276,218,679337813,2.54,46.61,53.39,26.1,,,5,C,REAL,1.0,29,Karnataka,16,16.0,Hassan,early,high_connectivity,True,True,VERIFIED,,29-574,1776421,1399658,21.21,76.07,68.6,19.42,1.82,50.87,66.73,2019,0,1,0,1,0,1,1,14.390111223991996,16,88.164,85.921,11.836
17,Haveri,29,2019,379,330,607036590,9.31,50.23,49.77,31.49,,4.1271,30,B,REAL,1.0,29,Karnataka,17,17.0,Haveri,mid,high_connectivity,True,True,VERIFIED,,29-564,1597668,1242167,22.25,77.4,70.46,13.77,8.85,45.7,70.45,2019,0,0,0,0,0,0,0,14.284055624023695,17,96.19,87.239,3.81
18,Kalaburagi,29,2019,7881,7030,18415811289,2.64,53.15,46.85,21.9,,4.1271,456,A,REAL,1.0,29,Karnataka,18,18.0,Kalaburagi,late,high_connectivity,True,True,SPELLING_MISMATCH,Census/new name Kalaburagi; PLFS uses Gulbarga,29-579,2566326,1730775,32.56,64.85,55.09,25.28,2.54,42.36,58.46,2019,0,0,1,0,0,1,1,14.757985862074031,18,92.629,90.182,7.371
19,Kodagu,29,2019,452,385,806865258,6.08,54.71,45.29,35.89,,3.8712,42,B,REAL,1.0,29,Karnataka,19,19.0,Kodagu,early,high_connectivity,True,True,VERIFIED,,29-576,554519,473531,14.61,82.61,78.14,13.27,10.47,50.3,13.02,2019,0,1,0,1,0,1,1,13.22585635028922,19,94.115,88.391,5.885
20,Kolar,29,2019,54,50,123419474,5.8,49.25,50.75,30.78,,,6,D,REAL,1.0,29,Karnataka,20,20.0,Kolar,early,high_connectivity,True,True,VERIFIED,,29-581,1536401,1056328,31.25,74.39,66.84,30.32,5.13,46.72,53.53,2019,0,1,0,1,0,0,0,14.244953226325844,20,94.518,89.037,5.482
21,Koppal,29,2019,1251,1095,1831776356,6.31,48.47,51.53,33.61,,3.8501,82,A,REAL,1.0,29,Karnataka,21,21.0,Koppal,late,high_connectivity,True,True,VERIFIED,,29-560,1389920,1156216,16.81,68.09,57.55,18.61,11.82,47.11,66.65,2019,0,0,1,0,0,1,1,14.144756749493748,21,94.905,88.919,5.095
22,Mandya,29,2019,20,17,55196768,0.0,47.48,52.52,23.52,,,0,D,REAL,1.0,29,Karnataka,22,22.0,Mandya,early,high_connectivity,True,True,VERIFIED,,29-573,1805769,1497407,17.08,70.4,62.54,14.69,1.24,48.26,69.44,2019,0,1,0,1,0,0,0,14.406497097801529,22,89.3,89.3,10.7
23,Mysuru,29,2019,1751,1505,3819127254,7.65,50.37,49.63,31.55,,3.8501,166,A,REAL,1.0,29,Karnataka,23,23.0,Mysuru,early,high_connectivity,True,True,SPELLING_MISMATCH,PLFS uses old name Mysore,29-577,3001127,1755714,41.5,72.79,67.06,17.88,11.15,43.79,50.24,2019,0,1,0,1,0,1,1,14.914498442753995,23,94.23,87.025,5.77
24,Raichur,29,2019,334,275,370388461,11.06,37.74,62.26,38.17,,3.8501,36,C,REAL,1.0,29,Karnataka,24,24.0,Raichur,late,high_connectivity,True,True,VERIFIED,,29-559,1928812,1438464,25.42,59.56,48.73,20.79,19.03,46.84,69.61,2019,0,0,1,0,0,1,1,14.472414827314608,24,98.725,87.808,1.275
25,Ramanagara,29,2019,992,856,1392494479,5.83,53.89,46.11,27.0,,3.8501,69,A,REAL,1.0,29,Karnataka,25,25.0,Ramanagara,early,high_connectivity,True,True,VERIFIED,,29-584,1082636,814877,24.73,69.22,61.5,18.83,2.12,49.09,58.44,2019,0,1,0,1,0,1,1,13.89490936607128,25,91.995,86.629,8.005
26,Shivamogga,29,2019,160,150,316859094,1.2,47.46,52.54,13.15,,,7,D,REAL,1.0,29,Karnataka,26,26.0,Shivamogga,mid,high_connectivity,True,True,SPELLING_MISMATCH,PLFS uses old name Shimoga,29-568,1752753,1129026,35.59,80.45,74.84,17.58,3.73,44.54,57.77,2019,0,0,0,0,0,0,0,14.376698252663813,26,95.974,94.818,4.026
27,Tumakuru,29,2019,347,306,689887032,4.22,50.99,49.01,19.89,,3.9512,35,B,REAL,1.0,29,Karnataka,27,27.0,Tumakuru,early,high_connectivity,True,True,SPELLING_MISMATCH,PLFS uses old name Tumkur,29-571,2678980,2079902,22.36,75.14,67.38,18.92,7.82,50.57,63.35,2019,0,1,0,1,0,1,1,14.800946683026687,27,94.98,90.976,5.02
28,Udupi,29,2019,81,81,180359520,0.0,61.63,38.37,36.4,,,1,D,REAL,1.0,29,Karnataka,28,28.0,Udupi,early,high_connectivity,True,True,VERIFIED,,29-569,1177361,843300,28.37,86.24,81.58,6.41,4.49,43.59,24.65,2019,0,1,0,1,0,0,0,13.978786051195518,28,100.0,100.0,0.0
29,Uttara Kannada,29,2019,250,227,586797323,3.03,57.33,42.67,23.15,,3.7728,18,C,REAL,1.0,29,Karnataka,29,29.0,Uttara Kannada,mid,high_connectivity,True,True,SPELLING_MISMATCH,Spelling variant in older sources,29-563,1437169,1018188,29.15,84.06,78.39,8.1,2.38,42.34,37.45,2019,0,0,0,0,0,0,0,14.178185764269973,29,96.112,93.2,3.888
30,Yadgir,29,2019,153,130,222645464,9.16,55.05,44.95,27.11,,,7,D,REAL,1.0,29,Karnataka,30,30.0,Yadgir,late,high_connectivity,True,True,VERIFIED,,29-580,1174271,953594,18.79,51.83,41.38,23.28,12.51,46.64,71.94,2019,0,0,1,0,0,0,0,13.976158087484915,30,94.083,85.467,5.917
1,Bagalkote,29,2021,1604,1357,2104178100,11.23,47.09,52.91,34.45,,3.8501,95,A,REAL,1.0,29,Karnataka,1,1.0,Bagalkote,mid,high_connectivity,True,True,VERIFIED,,29-556,1889752,1291906,31.64,68.82,58.4,16.89,5.14,43.29,61.05,2021,0,0,0,0,0,0,0,14.451956161494914,1,96.537,95.505,3.463
2,Bengaluru Urban,29,2021,559,429,655561844,10.66,52.55,47.45,26.09,,3.7612,17,B,REAL,1.0,29,Karnataka,2,2.0,Bengaluru Urban,early,high_connectivity,True,True,SPELLING_MISMATCH,Urban district — structurally distinct; consider exclusion from DiD,29-583,990923,722179,27.12,77.93,70.63,21.57,5.34,46.41,46.07,2021,0,1,0,1,0,0,1,13.806392110999736,2,95.732,95.732,4.268
3,Bengaluru Rural,29,2021,349,300,339257545,5.26,50.21,49.79,28.93,,2.7726,15,B,REAL,1.0,29,Karnataka,3,3.0,Bengaluru Rural,early,high_connectivity,True,True,SPELLING_MISMATCH,,29-583,990923,722179,27.12,77.93,70.63,21.57,5.34,46.41,46.07,2021,0,1,0,1,0,0,1,13.806392110999736,3,96.059,96.059,3.941
4,Bidar,29,2021,400,354,595633093,8.32,54.62,45.38,22.69,,3.8501,15,B,REAL,1.0,29,Karnataka,4,4.0,Bidar,late,high_connectivity,True,True,VERIFIED,,29-558,1703300,1277348,25.01,70.51,61.55,23.47,13.85,41.25,59.98,2021,0,0,1,0,0,0,1,14.34807810384867,4,96.309,96.309,3.691
5,Vijayapura,29,2021,555,462,774708043,6.05,48.82,51.18,21.29,,3.8286,28,B,REAL,1.0,29,Karnataka,5,5.0,Vijayapura,late,high_connectivity,True,True,SPELLING_MISMATCH,PLFS/older sources use Bijapur,29-557,2177331,1675353,23.05,67.15,56.72,20.34,1.81,42.61,66.16,2021,0,0,1,0,0,0,1,14.593610372756531,5,96.589,96.589,3.411
6,Ballari,29,2021,33,31,40541091,7.77,54.95,45.05,36.45,,,3,D,REAL,1.0,29,Karnataka,6,6.0,Ballari,mid,high_connectivity,True,True,BOUNDARY_CHANGE,Vijayanagara carved from Ballari in 2021; 2019-20 panel uses Ballari only,29-565,2452595,1532356,37.52,67.43,58.09,21.1,18.41,45.54,59.47,2021,0,0,0,0,0,0,0,14.712657205655129,6,100.0,100.0,0.0
7,Belagavi,29,2021,946,783,1543591047,6.36,47.39,52.61,22.64,,3.8067,68,A,REAL,1.0,29,Karnataka,7,7.0,Belagavi,mid,high_connectivity,True,True,SPELLING_MISMATCH,PLFS uses old name Belgaum,29-555,4779661,3568466,25.34,73.48,64.58,12.08,6.22,44.05,64.66,2021,0,0,0,0,0,0,0,15.379880181450568,7,95.687,95.687,4.313
8,Chamarajanagara,29,2021,1222,1010,1832427091,9.97,51.95,48.05,30.42,,3.8501,88,A,REAL,1.0,29,Karnataka,8,8.0,Chamarajanagara,mid,high_connectivity,True,True,SPELLING_MISMATCH,Spelling variant,29-578,1020791,845817,17.14,61.43,54.92,25.42,11.78,47.19,67.97,2021,0,0,0,0,0,0,0,13.836088374919376,8,94.922,92.144,5.078
9,Chikkaballapura,29,2021,295,256,405467089,11.69,47.85,52.15,28.63,,3.7136,20,C,REAL,1.0,29,Karnataka,9,9.0,Chikkaballapura,early,high_connectivity,True,True,VERIFIED,,29-582,1255104,973985,22.4,69.76,61.55,24.9,12.47,50.97,65.52,2021,0,1,0,1,0,0,1,14.04272899564051,9,100.0,96.498,0.0
10,Chikkamagaluru,29,2021,483,418,668721797,11.0,50.11,49.89,19.47,,3.8501,30,B,REAL,1.0,29,Karnataka,10,10.0,Chikkamagaluru,early,high_connectivity,True,True,SPELLING_MISMATCH,PLFS uses old name Chikmagalur,29-570,1137961,898453,21.05,79.25,73.16,22.29,3.95,49.72,49.84,2021,0,1,0,1,0,0,1,13.944748622430897,10,97.016,95.654,2.984
11,Chitradurga,29,2021,678,569,868403959,5.94,51.12,48.88,22.83,,3.8067,42,A,REAL,1.0,29,Karnataka,11,11.0,Chitradurga,mid,high_connectivity,True,True,VERIFIED,,29-566,1659456,1329923,19.86,73.71,65.88,23.45,18.23,51.62,67.78,2021,0,0,0,0,0,0,0,14.32200039578042,11,90.501,90.501,9.499
12,Dakshina Kannada,29,2021,399,367,700101788,4.92,49.28,50.72,25.73,,3.7377,36,B,REAL,1.0,29,Karnataka,12,12.0,Dakshina Kannada,early,high_connectivity,True,True,VERIFIED,,29-575,2089649,1093563,47.67,88.57,84.13,7.09,3.94,47.75,6.32,2021,0,1,0,1,0,0,1,14.552506667253327,12,99.392,99.392,0.608
13,Davangere,29,2021,965,863,1686890155,9.96,49.97,50.03,26.33,,3.8286,81,A,REAL,1.0,29,Karnataka,13,13.0,Davangere,mid,high_connectivity,True,True,SPELLING_MISMATCH,Spelling variant,29-567,1945497,1316487,32.33,75.74,68.91,20.18,11.98,44.99,60.18,2021,0,0,0,0,0,0,0,14.48102802938551,13,98.659,97.989,1.341
14,Dharwad,29,2021,703,619,1519271541,9.36,46.6,53.4,44.09,,3.8918,43,A,REAL,1.0,29,Karnataka,14,14.0,Dharwad,early,high_connectivity,True,True,VERIFIED,,29-562,1847023,797484,56.82,80.0,73.46,9.63,4.74,42.49,47.39,2021,0,1,0,1,0,0,1,14.429085711729725,14,96.546,96.546,3.454
15,Gadag,29,2021,613,566,939229836,3.17,44.33,55.67,37.56,,3.8918,42,A,REAL,1.0,29,Karnataka,15,15.0,Gadag,mid,high_connectivity,True,True,VERIFIED,,29-561,1064570,685261,35.63,75.12,65.44,16.36,5.79,46.57,66.12,2021,0,0,0,0,0,0,0,13.87808151972577,15,96.042,96.042,3.958
16,Hassan,29,2021,167,137,348383193,13.81,48.44,51.56,54.81,,3.8501,17,D,REAL,1.0,29,Karnataka,16,16.0,Hassan,early,high_connectivity,True,True,VERIFIED,,29-574,1776421,1399658,21.21,76.07,68.6,19.42,1.82,50.87,66.73,2021,0,1,0,1,0,0,0,14.390111223991996,16,100.0,100.0,0.0
17,Haveri,29,2021,494,462,1239093905,1.18,49.49,50.51,15.0,,3.7377,36,B,REAL,1.0,29,Karnataka,17,17.0,Haveri,mid,high_connectivity,True,True,VERIFIED,,29-564,1597668,1242167,22.25,77.4,70.46,13.77,8.85,45.7,70.45,2021,0,0,0,0,0,0,0,14.284055624023695,17,97.714,97.714,2.286
18,Kalaburagi,29,2021,7936,7263,18550491049,3.06,52.84,47.16,25.6,,4.1271,502,A,REAL,1.0,29,Karnataka,18,18.0,Kalaburagi,late,high_connectivity,True,True,SPELLING_MISMATCH,Census/new name Kalaburagi; PLFS uses Gulbarga,29-579,2566326,1730775,32.56,64.85,55.09,25.28,2.54,42.36,58.46,2021,0,0,1,0,0,0,1,14.757985862074031,18,97.988,97.678,2.012
19,Kodagu,29,2021,239,205,491296198,5.04,49.33,50.67,29.58,,3.8501,15,C,REAL,1.0,29,Karnataka,19,19.0,Kodagu,early,high_connectivity,True,True,VERIFIED,,29-576,554519,473531,14.61,82.61,78.14,13.27,10.47,50.3,13.02,2021,0,1,0,1,0,0,1,13.22585635028922,19,82.86,82.86,17.14
20,Kolar,29,2021,267,229,331469032,5.79,53.49,46.51,32.73,,4.0254,13,C,REAL,1.0,29,Karnataka,20,20.0,Kolar,early,high_connectivity,True,True,VERIFIED,,29-581,1536401,1056328,31.25,74.39,66.84,30.32,5.13,46.72,53.53,2021,0,1,0,1,0,0,1,14.244953226325844,20,99.811,98.72,0.189
21,Koppal,29,2021,1050,859,1360364387,5.36,48.79,51.21,37.4,,3.8501,88,A,REAL,1.0,29,Karnataka,21,21.0,Koppal,late,high_connectivity,True,True,VERIFIED,,29-560,1389920,1156216,16.81,68.09,57.55,18.61,11.82,47.11,66.65,2021,0,0,1,0,0,0,1,14.144756749493748,21,92.696,92.696,7.304
22,Mandya,29,2021,114,100,136522386,14.07,43.42,56.58,38.65,,,2,D,REAL,1.0,29,Karnataka,22,22.0,Mandya,early,high_connectivity,True,True,VERIFIED,,29-573,1805769,1497407,17.08,70.4,62.54,14.69,1.24,48.26,69.44,2021,0,1,0,1,0,0,0,14.406497097801529,22,100.0,100.0,0.0
23,Mysuru,29,2021,1814,1575,3254376050,8.28,48.16,51.84,31.6,,3.8286,153,A,REAL,1.0,29,Karnataka,23,23.0,Mysuru,early,high_connectivity,True,True,SPELLING_MISMATCH,PLFS uses old name Mysore,29-577,3001127,1755714,41.5,72.79,67.06,17.88,11.15,43.79,50.24,2021,0,1,0,1,0,0,1,14.914498442753995,23,96.409,93.478,3.591
24,Raichur,29,2021,176,150,292032427,7.97,48.35,51.65,31.77,,3.5695,12,D,REAL,1.0,29,Karnataka,24,24.0,Raichur,late,high_connectivity,True,True,VERIFIED,,29-559,1928812,1438464,25.42,59.56,48.73,20.79,19.03,46.84,69.61,2021,0,0,1,0,0,0,0,14.472414827314608,24,95.293,95.293,4.707
25,Ramanagara,29,2021,1433,1201,1710921715,5.73,48.25,51.75,19.55,,3.8501,62,A,REAL,1.0,29,Karnataka,25,25.0,Ramanagara,early,high_connectivity,True,True,VERIFIED,,29-584,1082636,814877,24.73,69.22,61.5,18.83,2.12,49.09,58.44,2021,0,1,0,1,0,0,1,13.89490936607128,25,87.913,87.913,12.087
26,Shivamogga,29,2021,200,178,256567330,1.57,54.12,45.88,13.26,,,9,D,REAL,1.0,29,Karnataka,26,26.0,Shivamogga,mid,high_connectivity,True,True,SPELLING_MISMATCH,PLFS uses old name Shimoga,29-568,1752753,1129026,35.59,80.45,74.84,17.58,3.73,44.54,57.77,2021,0,0,0,0,0,0,0,14.376698252663813,26,100.0,100.0,0.0
27,Tumakuru,29,2021,626,545,1252495828,4.67,54.43,45.57,26.02,,3.8501,28,A,REAL,1.0,29,Karnataka,27,27.0,Tumakuru,early,high_connectivity,True,True,SPELLING_MISMATCH,PLFS uses old name Tumkur,29-571,2678980,2079902,22.36,75.14,67.38,18.92,7.82,50.57,63.35,2021,0,1,0,1,0,0,1,14.800946683026687,27,98.03,97.67,1.97
28,Udupi,29,2021,236,226,484083821,4.85,55.27,44.73,15.84,,3.8067,11,C,REAL,1.0,29,Karnataka,28,28.0,Udupi,early,high_connectivity,True,True,VERIFIED,,29-569,1177361,843300,28.37,86.24,81.58,6.41,4.49,43.59,24.65,2021,0,1,0,1,0,0,1,13.978786051195518,28,100.0,100.0,0.0
29,Uttara Kannada,29,2021,262,237,519573873,4.84,51.45,48.55,25.77,,3.8067,23,C,REAL,1.0,29,Karnataka,29,29.0,Uttara Kannada,mid,high_connectivity,True,True,SPELLING_MISMATCH,Spelling variant in older sources,29-563,1437169,1018188,29.15,84.06,78.39,8.1,2.38,42.34,37.45,2021,0,0,0,0,0,0,0,14.178185764269973,29,96.248,95.679,3.752
30,Yadgir,29,2021,126,116,150297694,3.4,47.82,52.18,35.06,,3.8501,16,D,REAL,1.0,29,Karnataka,30,30.0,Yadgir,late,high_connectivity,True,True,VERIFIED,,29-580,1174271,953594,18.79,51.83,41.38,23.28,12.51,46.64,71.94,2021,0,0,1,0,0,0,0,13.976158087484915,30,100.0,100.0,0.0
1,Bagalkote,29,2023,1810,1512,2845578897,11.33,51.09,48.91,37.42,,3.7612,116,A,REAL,1.0,29,Karnataka,1,1.0,Bagalkote,mid,high_connectivity,True,True,VERIFIED,,29-556,1889752,1291906,31.64,68.82,58.4,16.89,5.14,43.29,61.05,2023,1,0,0,0,0,0,0,14.451956161494914,1,94.349,93.497,5.651
2,Bengaluru Urban,29,2023,720,613,1244010804,11.06,49.05,50.95,25.65,,3.8501,33,A,REAL,1.0,29,Karnataka,2,2.0,Bengaluru Urban,early,high_connectivity,True,True,SPELLING_MISMATCH,Urban district — structurally distinct; consider exclusion from DiD,29-583,990923,722179,27.12,77.93,70.63,21.57,5.34,46.41,46.07,2023,1,1,0,1,1,1,1,13.806392110999736,2,99.271,99.271,0.729
3,Bengaluru Rural,29,2023,325,284,465326809,5.39,53.96,46.04,17.5,,3.8501,10,C,REAL,1.0,29,Karnataka,3,3.0,Bengaluru Rural,early,high_connectivity,True,True,SPELLING_MISMATCH,,29-583,990923,722179,27.12,77.93,70.63,21.57,5.34,46.41,46.07,2023,1,1,0,1,1,1,1,13.806392110999736,3,95.735,95.735,4.265
4,Bidar,29,2023,323,291,734985795,1.12,53.86,46.14,23.3,,3.8286,15,C,REAL,1.0,29,Karnataka,4,4.0,Bidar,late,high_connectivity,True,True,VERIFIED,,29-558,1703300,1277348,25.01,70.51,61.55,23.47,13.85,41.25,59.98,2023,1,0,1,0,0,1,1,14.34807810384867,4,97.551,97.551,2.449
5,Vijayapura,29,2023,469,400,736115621,4.33,63.37,36.63,15.85,,3.7612,34,B,REAL,1.0,29,Karnataka,5,5.0,Vijayapura,late,high_connectivity,True,True,SPELLING_MISMATCH,PLFS/older sources use Bijapur,29-557,2177331,1675353,23.05,67.15,56.72,20.34,1.81,42.61,66.16,2023,1,0,1,0,0,1,1,14.593610372756531,5,93.283,93.283,6.717
6,Ballari,29,2023,408,333,578543065,8.41,45.07,54.93,29.49,,3.8286,21,B,REAL,1.0,29,Karnataka,6,6.0,Ballari,mid,high_connectivity,True,True,BOUNDARY_CHANGE,Vijayanagara carved from Ballari in 2021; 2019-20 panel uses Ballari only,29-565,2452595,1532356,37.52,67.43,58.09,21.1,18.41,45.54,59.47,2023,1,0,0,0,0,0,0,14.712657205655129,6,92.136,87.55,7.864
7,Belagavi,29,2023,291,244,394996779,8.0,56.64,43.36,18.07,,,8,C,REAL,1.0,29,Karnataka,7,7.0,Belagavi,mid,high_connectivity,True,True,SPELLING_MISMATCH,PLFS uses old name Belgaum,29-555,4779661,3568466,25.34,73.48,64.58,12.08,6.22,44.05,64.66,2023,1,0,0,0,0,0,0,15.379880181450568,7,89.971,89.971,10.029
8,Chamarajanagara,29,2023,1282,1060,1910805127,11.11,52.51,47.49,30.81,,3.8918,99,A,REAL,1.0,29,Karnataka,8,8.0,Chamarajanagara,mid,high_connectivity,True,True,SPELLING_MISMATCH,Spelling variant,29-578,1020791,845817,17.14,61.43,54.92,25.42,11.78,47.19,67.97,2023,1,0,0,0,0,0,0,13.836088374919376,8,97.124,95.297,2.876
9,Chikkaballapura,29,2023,114,85,130364860,8.49,58.66,41.34,26.96,,,2,D,REAL,1.0,29,Karnataka,9,9.0,Chikkaballapura,early,high_connectivity,True,True,VERIFIED,,29-582,1255104,973985,22.4,69.76,61.55,24.9,12.47,50.97,65.52,2023,1,1,0,1,1,0,0,14.04272899564051,9,76.015,76.015,23.985
10,Chikkamagaluru,29,2023,444,350,604600383,5.48,52.4,47.6,25.85,,3.7377,36,B,REAL,1.0,29,Karnataka,10,10.0,Chikkamagaluru,early,high_connectivity,True,True,SPELLING_MISMATCH,PLFS uses old name Chikmagalur,29-570,1137961,898453,21.05,79.25,73.16,22.29,3.95,49.72,49.84,2023,1,1,0,1,1,1,1,13.944748622430897,10,91.125,91.125,8.875
11,Chitradurga,29,2023,997,856,1494464818,9.29,48.63,51.37,21.51,,3.8501,61,A,REAL,1.0,29,Karnataka,11,11.0,Chitradurga,mid,high_connectivity,True,True,VERIFIED,,29-566,1659456,1329923,19.86,73.71,65.88,23.45,18.23,51.62,67.78,2023,1,0,0,0,0,0,0,14.32200039578042,11,97.713,97.425,2.287
12,Dakshina Kannada,29,2023,361,312,464917833,6.72,56.57,43.43,29.34,,3.8501,17,B,REAL,1.0,29,Karnataka,12,12.0,Dakshina Kannada,early,high_connectivity,True,True,VERIFIED,,29-575,2089649,1093563,47.67,88.57,84.13,7.09,3.94,47.75,6.32,2023,1,1,0,1,1,1,1,14.552506667253327,12,96.293,94.508,3.707
13,Davangere,29,2023,663,548,884543906,10.85,53.94,46.06,32.28,,3.8501,43,A,REAL,1.0,29,Karnataka,13,13.0,Davangere,mid,high_connectivity,True,True,SPELLING_MISMATCH,Spelling variant,29-567,1945497,1316487,32.33,75.74,68.91,20.18,11.98,44.99,60.18,2023,1,0,0,0,0,0,0,14.48102802938551,13,98.84,96.886,1.16
14,Dharwad,29,2023,380,324,927968150,4.86,56.93,43.07,25.96,,3.4965,24,B,REAL,1.0,29,Karnataka,14,14.0,Dharwad,early,high_connectivity,True,True,VERIFIED,,29-562,1847023,797484,56.82,80.0,73.46,9.63,4.74,42.49,47.39,2023,1,1,0,1,1,1,1,14.429085711729725,14,97.817,97.817,2.183
15,Gadag,29,2023,527,403,617649205,12.33,43.45,56.55,34.98,,3.8501,21,B,REAL,1.0,29,Karnataka,15,15.0,Gadag,mid,high_connectivity,True,True,VERIFIED,,29-561,1064570,685261,35.63,75.12,65.44,16.36,5.79,46.57,66.12,2023,1,0,0,0,0,0,0,13.87808151972577,15,99.601,98.134,0.399
16,Hassan,29,2023,325,276,580462936,3.26,50.08,49.92,36.39,,3.8501,13,C,REAL,1.0,29,Karnataka,16,16.0,Hassan,early,high_connectivity,True,True,VERIFIED,,29-574,1776421,1399658,21.21,76.07,68.6,19.42,1.82,50.87,66.73,2023,1,1,0,1,1,1,1,14.390111223991996,16,98.585,96.274,1.415
17,Haveri,29,2023,845,757,1896050966,4.25,50.92,49.08,36.23,,3.7612,67,A,REAL,1.0,29,Karnataka,17,17.0,Haveri,mid,high_connectivity,True,True,VERIFIED,,29-564,1597668,1242167,22.25,77.4,70.46,13.77,8.85,45.7,70.45,2023,1,0,0,0,0,0,0,14.284055624023695,17,97.583,97.583,2.417
18,Kalaburagi,29,2023,7529,6798,19726412940,1.97,53.83,46.17,23.97,,4.1271,524,A,REAL,1.0,29,Karnataka,18,18.0,Kalaburagi,late,high_connectivity,True,True,SPELLING_MISMATCH,Census/new name Kalaburagi; PLFS uses Gulbarga,29-579,2566326,1730775,32.56,64.85,55.09,25.28,2.54,42.36,58.46,2023,1,0,1,0,0,1,1,14.757985862074031,18,94.673,94.534,5.327
19,Kodagu,29,2023,228,191,632914759,3.25,48.89,51.11,24.14,,2.6391,25,D,REAL,1.0,29,Karnataka,19,19.0,Kodagu,early,high_connectivity,True,True,VERIFIED,,29-576,554519,473531,14.61,82.61,78.14,13.27,10.47,50.3,13.02,2023,1,1,0,1,1,0,0,13.22585635028922,19,93.65,93.65,6.35
20,Kolar,29,2023,541,471,832196816,10.35,53.67,46.33,29.98,,3.8501,24,B,REAL,1.0,29,Karnataka,20,20.0,Kolar,early,high_connectivity,True,True,VERIFIED,,29-581,1536401,1056328,31.25,74.39,66.84,30.32,5.13,46.72,53.53,2023,1,1,0,1,1,1,1,14.244953226325844,20,96.19,96.19,3.81
21,Koppal,29,2023,1227,1068,2160376931,6.88,53.31,46.69,33.56,,3.8712,50,A,REAL,1.0,29,Karnataka,21,21.0,Koppal,late,high_connectivity,True,True,VERIFIED,,29-560,1389920,1156216,16.81,68.09,57.55,18.61,11.82,47.11,66.65,2023,1,0,1,0,0,1,1,14.144756749493748,21,93.737,92.997,6.263
22,Mandya,29,2023,71,64,56751024,5.44,52.64,47.36,17.55,,,3,D,REAL,1.0,29,Karnataka,22,22.0,Mandya,early,high_connectivity,True,True,VERIFIED,,29-573,1805769,1497407,17.08,70.4,62.54,14.69,1.24,48.26,69.44,2023,1,1,0,1,1,0,0,14.406497097801529,22,100.0,100.0,0.0
23,Mysuru,29,2023,1396,1229,2424363285,5.44,46.11,53.89,35.06,,3.8918,161,A,REAL,1.0,29,Karnataka,23,23.0,Mysuru,early,high_connectivity,True,True,SPELLING_MISMATCH,PLFS uses old name Mysore,29-577,3001127,1755714,41.5,72.79,67.06,17.88,11.15,43.79,50.24,2023,1,1,0,1,1,1,1,14.914498442753995,23,95.756,94.661,4.244
24,Raichur,29,2023,115,102,151193180,3.87,49.25,50.75,32.88,,,3,D,REAL,1.0,29,Karnataka,24,24.0,Raichur,late,high_connectivity,True,True,VERIFIED,,29-559,1928812,1438464,25.42,59.56,48.73,20.79,19.03,46.84,69.61,2023,1,0,1,0,0,0,0,14.472414827314608,24,99.801,99.801,0.199
25,Ramanagara,29,2023,835,717,1059614098,4.22,51.34,48.66,20.64,,3.8918,38,A,REAL,1.0,29,Karnataka,25,25.0,Ramanagara,early,high_connectivity,True,True,VERIFIED,,29-584,1082636,814877,24.73,69.22,61.5,18.83,2.12,49.09,58.44,2023,1,1,0,1,1,1,1,13.89490936607128,25,94.396,94.396,5.604
26,Shivamogga,29,2023,148,124,174493801,0.0,59.7,40.3,21.36,,4.1589,11,D,REAL,1.0,29,Karnataka,26,26.0,Shivamogga,mid,high_connectivity,True,True,SPELLING_MISMATCH,PLFS uses old name Shimoga,29-568,1752753,1129026,35.59,80.45,74.84,17.58,3.73,44.54,57.77,2023,1,0,0,0,0,0,0,14.376698252663813,26,100.0,100.0,0.0
27,Tumakuru,29,2023,327,276,689116014,10.48,48.08,51.92,34.38,,4.1271,17,C,REAL,1.0,29,Karnataka,27,27.0,Tumakuru,early,high_connectivity,True,True,SPELLING_MISMATCH,PLFS uses old name Tumkur,29-571,2678980,2079902,22.36,75.14,67.38,18.92,7.82,50.57,63.35,2023,1,1,0,1,1,1,1,14.800946683026687,27,97.9,91.773,2.1
28,Udupi,29,2023,200,186,406893772,0.84,62.43,37.57,39.42,,,2,D,REAL,1.0,29,Karnataka,28,28.0,Udupi,early,high_connectivity,True,True,VERIFIED,,29-569,1177361,843300,28.37,86.24,81.58,6.41,4.49,43.59,24.65,2023,1,1,0,1,1,0,0,13.978786051195518,28,100.0,100.0,0.0
29,Uttara Kannada,29,2023,266,244,511654084,0.8,56.36,43.64,26.36,,3.8286,20,C,REAL,1.0,29,Karnataka,29,29.0,Uttara Kannada,mid,high_connectivity,True,True,SPELLING_MISMATCH,Spelling variant in older sources,29-563,1437169,1018188,29.15,84.06,78.39,8.1,2.38,42.34,37.45,2023,1,0,0,0,0,0,0,14.178185764269973,29,92.94,92.94,7.06
30,Yadgir,29,2023,183,158,307475061,4.22,56.94,43.06,38.12,,3.8918,16,D,REAL,1.0,29,Karnataka,30,30.0,Yadgir,late,high_connectivity,True,True,VERIFIED,,29-580,1174271,953594,18.79,51.83,41.38,23.28,12.51,46.64,71.94,2023,1,0,1,0,0,0,0,13.976158087484915,30,100.0,100.0,0.0
31,UNKNOWN_31,29,2023,50,38,81309382,0.0,37.14,62.86,42.72,,,5,D,REAL,1.0,29,Karnataka,31,31.0,Vijayanagara,late,high_connectivity,False,False,INCOMPLETE,NEW DISTRICT: carved from Ballari in 2021. NO 2019-20 code. Use Ballari (code 6) as proxy for pre-period.,29-584,1082636,814877,24.73,69.22,61.5,18.83,2.12,49.09,58.44,2023,1,0,1,0,0,0,0,13.89490936607128,31,72.684,72.684,27.316
1,Araria,10,2019,333,283,258135695,3.1,55.85,44.15,19.47,,3.8501,13,C,REAL,1.0,10,Bihar,1,1.0,Araria,late,low_connectivity,True,True,VERIFIED,,10-209,2811569,2642792,6.0,53.53,43.93,13.61,1.38,38.05,85.51,2019,0,0,1,0,0,1,1,14.84925324847264,1,91.27,88.444,8.73
2,Arwal,10,2019,751,664,857566941,8.01,53.41,46.59,15.81,,,5,A,REAL,1.0,10,Bihar,2,2.0,Arwal,mid,low_connectivity,True,True,VERIFIED,Created from Jehanabad 2001,10-240,700843,648994,7.4,67.43,54.85,20.16,0.08,33.72,82.01,2019,0,0,0,0,0,0,0,13.460039175169454,2,96.658,88.919,3.342
4,Banka,10,2019,216,201,624210419,3.19,51.7,48.3,17.1,,,2,C,REAL,1.0,10,Bihar,4,4.0,Banka,late,low_connectivity,False,False,MISSING_FROM_SAMPLE,Not in 2023-24 sample,10-225,2034763,1963450,3.5,58.17,47.66,12.18,4.44,37.9,82.36,2019,0,0,1,0,0,0,0,14.525889908160154,4,95.479,92.434,4.521
5,Begusarai,10,2019,192,179,200162667,4.99,54.43,45.57,20.52,,,9,D,REAL,1.0,10,Bihar,5,5.0,Begusarai,mid,low_connectivity,True,True,VERIFIED,,10-222,2970541,2400718,19.18,63.87,55.21,14.55,0.05,31.58,61.49,2019,0,0,0,0,0,0,0,14.90425464907285,5,98.421,93.506,1.579
6,Bhagalpur,10,2019,29,29,38537533,0.0,50.98,49.02,19.19,,,1,D,REAL,1.0,10,Bihar,6,6.0,Bhagalpur,early,low_connectivity,False,False,MISSING_FROM_SAMPLE,Not in 2023-24 sample,10-224,3037766,2435234,19.83,63.14,54.89,10.49,2.21,32.38,62.06,2019,0,1,0,1,0,0,0,14.926632934813195,6,100.0,100.0,0.0
7,Bhojpur,10,2019,240,223,250088661,1.75,49.27,50.73,22.05,,4.0254,35,C,REAL,1.0,10,Bihar,7,7.0,Bhojpur,mid,low_connectivity,True,True,VERIFIED,,10-231,2728407,2338546,14.29,70.47,58.03,15.59,0.51,30.15,67.57,2019,0,0,0,0,0,0,0,14.819228480365627,7,97.851,96.136,2.149
8,Buxar,10,2019,236,220,168677157,3.87,61.18,38.82,16.9,,3.8501,14,C,REAL,1.0,10,Bihar,8,8.0,Buxar,mid,low_connectivity,True,True,VERIFIED,,10-232,1706352,1541853,9.64,70.14,58.63,14.75,1.57,31.55,71.38,2019,0,0,0,0,0,0,0,14.34986831634842,8,97.454,93.68,2.546
9,Darbhanga,10,2019,932,813,738296690,8.36,50.6,49.4,23.45,,3.8501,26,A,REAL,1.0,10,Bihar,9,9.0,Darbhanga,mid,low_connectivity,True,True,VERIFIED,,10-215,3937385,3554057,9.74,56.56,45.24,15.64,0.07,31.08,71.82,2019,0,0,0,0,0,0,0,15.186027355340306,9,92.384,84.665,7.616
10,Gaya,10,2019,427,406,387008864,2.17,54.2,45.8,25.44,,3.8501,25,B,REAL,1.0,10,Bihar,10,10.0,Gaya,early,low_connectivity,True,True,VERIFIED,,10-236,4391418,3809817,13.24,63.67,53.34,30.39,0.07,37.89,69.36,2019,0,1,0,1,0,1,1,15.29516273972959,10,97.857,95.734,2.143
11,Gopalganj,10,2019,223,204,210857378,4.96,52.79,47.21,32.54,,3.8501,26,C,REAL,1.0,10,Bihar,11,11.0,Gopalganj,mid,low_connectivity,True,True,VERIFIED,,10-217,2562012,2399207,6.35,65.47,54.81,12.49,2.37,28.42,75.2,2019,0,0,0,0,0,0,0,14.756303445268596,11,96.227,91.458,3.773
12,Jamui,10,2019,304,253,349844137,5.57,52.75,47.25,12.36,,,3,C,REAL,1.0,10,Bihar,12,12.0,Jamui,late,low_connectivity,True,True,VERIFIED,,10-238,1760405,1615072,8.26,59.79,47.28,17.19,4.48,41.33,67.07,2019,0,0,1,0,0,1,1,14.381054454178615,12,96.644,91.261,3.356
13,Jehanabad,10,2019,559,514,636455578,1.98,50.6,49.4,19.7,,3.1781,15,A,REAL,1.0,10,Bihar,13,13.0,Jehanabad,mid,low_connectivity,True,True,VERIFIED,,10-239,1125313,990117,12.01,66.8,55.01,19.81,0.11,32.47,72.7,2019,0,0,0,0,0,0,0,13.933571777146255,13,94.666,92.794,5.334
14,Kaimur,10,2019,966,843,751565681,8.06,52.13,47.87,21.97,,3.8918,19,A,REAL,1.0,10,Bihar,14,14.0,Kaimur,late,low_connectivity,True,True,SPELLING_MISMATCH,Census name: Kaimur (Bhabua),10-233,1626384,1560813,4.03,69.34,58.4,22.69,3.57,31.43,77.01,2019,0,0,1,0,0,1,1,14.301869703569576,14,97.034,89.209,2.966
15,Katihar,10,2019,121,117,150099049,1.91,50.58,49.42,22.89,,,2,D,REAL,1.0,10,Bihar,15,15.0,Katihar,late,low_connectivity,True,True,VERIFIED,,10-212,3071029,2797207,8.92,52.24,44.39,8.57,5.86,33.0,82.99,2019,0,0,1,0,0,0,0,14.937523242556493,15,99.369,97.475,0.631
16,Khagaria,10,2019,172,160,207823017,2.99,53.06,46.94,19.51,,,9,D,REAL,1.0,10,Bihar,16,16.0,Khagaria,mid,low_connectivity,True,True,VERIFIED,,10-223,1666886,1579727,5.23,57.92,49.56,14.83,0.04,33.64,76.72,2019,0,0,0,0,0,0,0,14.326467773071744,16,97.386,94.475,2.614
17,Kishanganj,10,2019,605,538,946004324,11.45,50.14,49.86,20.01,,3.8501,25,A,REAL,1.0,10,Bihar,17,17.0,Kishanganj,late,low_connectivity,True,True,VERIFIED,,10-210,1690400,1529277,9.53,55.46,46.76,6.69,3.8,31.3,81.22,2019,0,0,1,0,0,1,1,14.340475745283983,17,98.933,87.605,1.067
18,Lakhisarai,10,2019,549,512,731388897,4.19,55.16,44.84,26.56,,3.8501,21,A,REAL,1.0,10,Bihar,18,18.0,Lakhisarai,mid,low_connectivity,True,True,VERIFIED,,10-227,1000912,857901,14.29,62.42,52.57,15.31,0.83,32.63,73.03,2019,0,0,0,0,0,0,0,13.816422142344951,18,94.625,90.665,5.375
19,Madhepura,10,2019,345,313,476670709,0.86,45.69,54.31,13.51,,,7,B,REAL,1.0,10,Bihar,19,19.0,Madhepura,late,low_connectivity,True,True,VERIFIED,,10-213,2001762,1913301,4.42,52.25,41.74,17.3,0.63,38.84,86.79,2019,0,0,1,0,0,1,1,14.509538350671502,19,94.965,94.15,5.035
20,Madhubani,10,2019,370,340,384453755,6.67,49.87,50.13,12.19,,3.8501,13,B,REAL,1.0,10,Bihar,20,20.0,Madhubani,mid,low_connectivity,True,True,VERIFIED,,10-207,4487379,4325884,3.6,58.62,46.16,13.08,0.09,36.48,81.71,2019,0,0,0,0,0,0,0,15.31677934762684,20,97.028,90.561,2.972
21,Munger,10,2019,33,28,32559718,18.12,59.02,40.98,24.29,,,2,D,REAL,1.0,10,Bihar,21,21.0,Munger,mid,low_connectivity,True,True,VERIFIED,,10-226,1367765,987645,27.79,70.46,62.08,13.44,1.56,31.19,56.81,2019,0,0,0,0,0,0,0,14.128688578782404,21,100.0,81.879,0.0
22,Muzaffarpur,10,2019,864,785,529019423,8.31,50.44,49.56,22.96,,3.8501,32,A,REAL,1.0,10,Bihar,22,22.0,Muzaffarpur,early,low_connectivity,True,True,VERIFIED,,10-216,4801062,4327625,9.86,63.43,54.67,15.66,0.12,32.23,67.36,2019,0,1,0,1,0,1,1,15.384347701405948,22,97.463,89.36,2.537
23,Nalanda,10,2019,266,238,184002806,5.89,45.62,54.38,15.13,,2.6391,10,C,REAL,1.0,10,Bihar,23,23.0,Nalanda,early,low_connectivity,False,False,MISSING_FROM_SAMPLE,Not in 2023-24 sample,10-229,2877653,2419759,15.91,64.43,53.1,21.12,0.05,36.33,72.24,2019,0,1,0,1,0,0,0,14.872485589320156,23,88.265,83.066,11.735
24,Nawada,10,2019,494,423,449270668,7.21,51.26,48.74,24.41,,4.0254,10,B,REAL,1.0,10,Bihar,24,24.0,Nawada,mid,low_connectivity,True,True,VERIFIED,,10-237,2219146,2003567,9.71,59.76,48.86,25.47,0.09,36.82,75.14,2019,0,0,0,0,0,0,0,14.612632995153644,24,93.479,86.736,6.521
25,Pashchim Champaran,10,2019,414,362,343001270,3.16,51.59,48.41,10.09,,,6,B,REAL,1.0,10,Bihar,25,25.0,Pashchim Champaran,late,low_connectivity,True,True,SPELLING_MISMATCH,Census: Pashchim Champaran,10-203,3935042,3541877,9.99,55.7,44.69,14.08,6.35,37.58,82.25,2019,0,0,1,0,0,1,1,15.185432113220136,25,93.493,90.54,6.507
26,Patna,10,2019,184,171,94390535,1.89,46.67,53.33,10.18,,,0,D,REAL,1.0,10,Bihar,26,26.0,Patna,early,low_connectivity,True,True,VERIFIED,State capital,10-230,5838465,3323875,43.07,70.68,61.96,15.77,0.16,32.23,49.39,2019,0,1,0,1,0,0,0,15.57997847778952,26,95.381,93.575,4.619
27,Purba Champaran,10,2019,479,428,510281940,2.97,54.74,45.26,24.6,,,3,B,REAL,1.0,10,Bihar,27,27.0,Purba Champaran,late,low_connectivity,True,True,SPELLING_MISMATCH,Census: Purba Champaran,10-204,5099371,4698028,7.87,55.79,45.12,12.74,0.24,34.07,80.94,2019,0,0,1,0,0,1,1,15.44462775675504,27,93.652,90.874,6.348
28,Purnia,10,2019,4070,3466,5132793050,12.45,54.42,45.58,22.96,,3.8918,131,A,REAL,1.0,10,Bihar,28,28.0,Purnia,mid,low_connectivity,True,True,VERIFIED,Large PLFS sample (n≈4000),10-211,3264619,2921614,10.51,51.08,42.34,11.98,4.27,35.02,82.43,2019,0,0,0,0,0,0,0,14.998653621693713,28,94.287,82.544,5.713
29,Rohtas,10,2019,559,446,485161930,12.72,54.58,45.42,23.05,,3.7842,20,B,REAL,1.0,10,Bihar,29,29.0,Rohtas,mid,low_connectivity,True,True,VERIFIED,,10-234,2959918,2532153,14.45,73.37,62.97,18.57,1.07,31.25,67.43,2019,0,0,0,0,0,0,0,14.900672123213813,29,94.506,82.487,5.494
30,Saharsa,10,2019,272,219,276157797,15.07,55.15,44.85,27.71,,,0,C,REAL,1.0,10,Bihar,30,30.0,Saharsa,late,low_connectivity,True,True,VERIFIED,,10-214,1900661,1744121,8.24,53.2,41.68,16.69,0.32,34.19,80.23,2019,0,0,1,0,0,1,1,14.457712278372169,30,95.003,80.683,4.997
31,Samastipur,10,2019,163,147,107399608,3.28,47.97,52.03,19.18,,,8,D,REAL,1.0,10,Bihar,31,31.0,Samastipur,mid,low_connectivity,True,True,VERIFIED,,10-221,4261566,4113769,3.47,61.86,51.51,18.85,0.04,31.52,75.98,2019,0,0,0,0,0,0,0,15.26514725632896,31,92.212,89.186,7.788
32,Saran,10,2019,917,748,776131337,13.25,51.74,48.26,24.86,,3.8501,29,A,REAL,1.0,10,Bihar,32,32.0,Saran,mid,low_connectivity,True,True,VERIFIED,Also known as Chapra,10-219,3951862,3598660,8.94,65.96,54.42,12.0,0.93,26.32,69.75,2019,0,0,0,0,0,0,0,15.189697418211871,32,93.33,80.961,6.67
33,Sheikhpura,10,2019,266,233,308339871,5.93,53.02,46.98,22.54,,3.8501,12,C,REAL,1.0,10,Bihar,33,33.0,Sheikhpura,mid,low_connectivity,True,True,VERIFIED,,10-228,636342,527340,17.13,63.86,53.4,20.6,0.1,35.3,73.09,2019,0,0,0,0,0,0,0,13.363491433643205,33,90.375,85.018,9.625
34,Sheohar,10,2019,1186,988,1423827518,6.96,50.14,49.86,17.13,,3.8501,23,A,REAL,1.0,10,Bihar,34,34.0,Sheohar,late,low_connectivity,True,True,VERIFIED,Smallest district in Bihar,10-205,656246,628130,4.28,53.78,45.26,14.73,0.05,32.97,80.91,2019,0,0,1,0,0,1,1,13.3942909976313,34,90.009,83.743,9.991
35,Sitamarhi,10,2019,54,54,34021054,0.0,57.0,43.0,7.78,,,0,D,REAL,1.0,10,Bihar,35,35.0,Sitamarhi,mid,low_connectivity,True,True,VERIFIED,,10-206,3423574,3233076,5.56,52.05,42.41,11.85,0.09,32.56,76.43,2019,0,0,0,0,0,0,0,15.04619559261562,35,100.0,100.0,0.0
36,Siwan,10,2019,339,301,498472840,7.95,57.98,42.02,13.88,,4.4308,15,B,REAL,1.0,10,Bihar,36,36.0,Siwan,mid,low_connectivity,True,True,VERIFIED,,10-218,3330464,3147551,5.49,69.45,58.66,11.61,2.61,28.0,68.78,2019,0,0,0,0,0,0,0,15.018622191589142,36,97.778,90.003,2.222
37,Supaul,10,2019,403,340,426818017,4.97,59.84,40.16,12.98,,,8,B,REAL,1.0,10,Bihar,37,37.0,Supaul,late,low_connectivity,True,True,VERIFIED,,10-208,2229076,2123518,4.74,57.67,44.77,15.89,0.46,39.37,86.15,2019,0,0,1,0,0,1,1,14.617097707793928,37,97.221,92.392,2.779
38,Vaishali,10,2019,84,64,74938962,19.62,43.68,56.32,14.99,,,0,D,REAL,1.0,10,Bihar,38,38.0,Vaishali,mid,low_connectivity,True,True,VERIFIED,,10-220,3495021,3261942,6.67,66.6,56.73,21.12,0.07,30.34,71.45,2019,0,0,0,0,0,0,0,15.066849942215688,38,90.64,72.855,9.36
1,Araria,10,2021,619,549,656159272,7.71,49.95,50.05,23.94,,3.7136,12,A,REAL,1.0,10,Bihar,1,1.0,Araria,late,low_connectivity,True,True,VERIFIED,,10-209,2811569,2642792,6.0,53.53,43.93,13.61,1.38,38.05,85.51,2021,0,0,1,0,0,0,1,14.84925324847264,1,97.653,97.653,2.347
2,Arwal,10,2021,615,506,616964627,8.77,47.86,52.14,15.83,,,4,A,REAL,1.0,10,Bihar,2,2.0,Arwal,mid,low_connectivity,True,True,VERIFIED,Created from Jehanabad 2001,10-240,700843,648994,7.4,67.43,54.85,20.16,0.08,33.72,82.01,2021,0,0,0,0,0,0,0,13.460039175169454,2,100.0,100.0,0.0
4,Banka,10,2021,493,442,530352752,7.27,54.95,45.05,17.45,,3.8501,12,B,REAL,1.0,10,Bihar,4,4.0,Banka,late,low_connectivity,False,False,MISSING_FROM_SAMPLE,Not in 2023-24 sample,10-225,2034763,1963450,3.5,58.17,47.66,12.18,4.44,37.9,82.36,2021,0,0,1,0,0,0,0,14.525889908160154,4,100.0,100.0,0.0
5,Begusarai,10,2021,106,102,109914340,3.7,56.78,43.22,17.19,,,4,D,REAL,1.0,10,Bihar,5,5.0,Begusarai,mid,low_connectivity,True,True,VERIFIED,,10-222,2970541,2400718,19.18,63.87,55.21,14.55,0.05,31.58,61.49,2021,0,0,0,0,0,0,0,14.90425464907285,5,100.0,100.0,0.0
6,Bhagalpur,10,2021,119,108,148274153,0.65,54.27,45.73,12.95,,,8,D,REAL,1.0,10,Bihar,6,6.0,Bhagalpur,early,low_connectivity,False,False,MISSING_FROM_SAMPLE,Not in 2023-24 sample,10-224,3037766,2435234,19.83,63.14,54.89,10.49,2.21,32.38,62.06,2021,0,1,0,1,0,0,0,14.926632934813195,6,84.502,84.502,15.498
7,Bhojpur,10,2021,237,187,238974494,18.59,45.41,54.59,24.41,,3.8501,19,D,REAL,1.0,10,Bihar,7,7.0,Bhojpur,mid,low_connectivity,True,True,VERIFIED,,10-231,2728407,2338546,14.29,70.47,58.03,15.59,0.51,30.15,67.57,2021,0,0,0,0,0,0,0,14.819228480365627,7,99.544,99.544,0.456
8,Buxar,10,2021,441,406,417410294,2.16,46.71,53.29,12.67,,3.7136,17,B,REAL,1.0,10,Bihar,8,8.0,Buxar,mid,low_connectivity,True,True,VERIFIED,,10-232,1706352,1541853,9.64,70.14,58.63,14.75,1.57,31.55,71.38,2021,0,0,0,0,0,0,0,14.34986831634842,8,98.565,98.13,1.435
9,Darbhanga,10,2021,800,739,716828028,4.14,43.29,56.71,16.34,,3.434,35,A,REAL,1.0,10,Bihar,9,9.0,Darbhanga,mid,low_connectivity,True,True,VERIFIED,,10-215,3937385,3554057,9.74,56.56,45.24,15.64,0.07,31.08,71.82,2021,0,0,0,0,0,0,0,15.186027355340306,9,96.857,96.857,3.143
10,Gaya,10,2021,420,352,362030960,11.73,60.14,39.86,23.99,,3.8501,36,B,REAL,1.0,10,Bihar,10,10.0,Gaya,early,low_connectivity,True,True,VERIFIED,,10-236,4391418,3809817,13.24,63.67,53.34,30.39,0.07,37.89,69.36,2021,0,1,0,1,0,0,1,15.29516273972959,10,98.412,98.412,1.588
11,Gopalganj,10,2021,188,180,244750318,2.25,53.49,46.51,20.92,,4.4427,11,D,REAL,1.0,10,Bihar,11,11.0,Gopalganj,mid,low_connectivity,True,True,VERIFIED,,10-217,2562012,2399207,6.35,65.47,54.81,12.49,2.37,28.42,75.2,2021,0,0,0,0,0,0,0,14.756303445268596,11,100.0,100.0,0.0
12,Jamui,10,2021,158,140,128590596,10.34,48.81,51.19,12.54,,,4,D,REAL,1.0,10,Bihar,12,12.0,Jamui,late,low_connectivity,True,True,VERIFIED,,10-238,1760405,1615072,8.26,59.79,47.28,17.19,4.48,41.33,67.07,2021,0,0,1,0,0,0,0,14.381054454178615,12,93.289,86.578,6.711
13,Jehanabad,10,2021,773,675,595467646,5.91,53.9,46.1,21.18,,4.2195,11,A,REAL,1.0,10,Bihar,13,13.0,Jehanabad,mid,low_connectivity,True,True,VERIFIED,,10-239,1125313,990117,12.01,66.8,55.01,19.81,0.11,32.47,72.7,2021,0,0,0,0,0,0,0,13.933571777146255,13,90.778,90.778,9.222
14,Kaimur,10,2021,1260,1066,907152591,13.55,49.93,50.07,29.28,,3.8501,32,A,REAL,1.0,10,Bihar,14,14.0,Kaimur,late,low_connectivity,True,True,SPELLING_MISMATCH,Census name: Kaimur (Bhabua),10-233,1626384,1560813,4.03,69.34,58.4,22.69,3.57,31.43,77.01,2021,0,0,1,0,0,0,1,14.301869703569576,14,92.558,91.004,7.442
15,Katihar,10,2021,370,304,403448186,12.06,50.86,49.14,25.67,,,0,B,REAL,1.0,10,Bihar,15,15.0,Katihar,late,low_connectivity,True,True,VERIFIED,,10-212,3071029,2797207,8.92,52.24,44.39,8.57,5.86,33.0,82.99,2021,0,0,1,0,0,0,1,14.937523242556493,15,96.235,96.235,3.765
16,Khagaria,10,2021,113,100,81150021,8.0,61.89,38.11,27.18,,3.8501,11,D,REAL,1.0,10,Bihar,16,16.0,Khagaria,mid,low_connectivity,True,True,VERIFIED,,10-223,1666886,1579727,5.23,57.92,49.56,14.83,0.04,33.64,76.72,2021,0,0,0,0,0,0,0,14.326467773071744,16,100.0,100.0,0.0
17,Kishanganj,10,2021,281,241,431525845,11.04,55.72,44.28,28.02,,4.0164,12,C,REAL,1.0,10,Bihar,17,17.0,Kishanganj,late,low_connectivity,True,True,VERIFIED,,10-210,1690400,1529277,9.53,55.46,46.76,6.69,3.8,31.3,81.22,2021,0,0,1,0,0,0,1,14.340475745283983,17,100.0,100.0,0.0
18,Lakhisarai,10,2021,529,459,715986436,8.9,49.74,50.26,25.08,,3.8286,12,B,REAL,1.0,10,Bihar,18,18.0,Lakhisarai,mid,low_connectivity,True,True,VERIFIED,,10-227,1000912,857901,14.29,62.42,52.57,15.31,0.83,32.63,73.03,2021,0,0,0,0,0,0,0,13.816422142344951,18,99.301,95.741,0.699
19,Madhepura,10,2021,120,111,112443795,0.0,62.29,37.71,10.89,,,0,D,REAL,1.0,10,Bihar,19,19.0,Madhepura,late,low_connectivity,True,True,VERIFIED,,10-213,2001762,1913301,4.42,52.25,41.74,17.3,0.63,38.84,86.79,2021,0,0,1,0,0,0,0,14.509538350671502,19,93.223,93.223,6.777
20,Madhubani,10,2021,467,403,612396576,11.58,49.84,50.16,16.17,,,6,B,REAL,1.0,10,Bihar,20,20.0,Madhubani,mid,low_connectivity,True,True,VERIFIED,,10-207,4487379,4325884,3.6,58.62,46.16,13.08,0.09,36.48,81.71,2021,0,0,0,0,0,0,0,15.31677934762684,20,100.0,100.0,0.0
21,Munger,10,2021,183,174,131583623,4.13,57.15,42.85,12.57,,,8,D,REAL,1.0,10,Bihar,21,21.0,Munger,mid,low_connectivity,True,True,VERIFIED,,10-226,1367765,987645,27.79,70.46,62.08,13.44,1.56,31.19,56.81,2021,0,0,0,0,0,0,0,14.128688578782404,21,100.0,100.0,0.0
22,Muzaffarpur,10,2021,695,572,493247931,12.26,52.95,47.05,23.52,,3.8918,16,A,REAL,1.0,10,Bihar,22,22.0,Muzaffarpur,early,low_connectivity,True,True,VERIFIED,,10-216,4801062,4327625,9.86,63.43,54.67,15.66,0.12,32.23,67.36,2021,0,1,0,1,0,0,1,15.384347701405948,22,92.766,92.766,7.234
23,Nalanda,10,2021,417,357,308723830,9.87,54.43,45.57,21.37,,,4,B,REAL,1.0,10,Bihar,23,23.0,Nalanda,early,low_connectivity,False,False,MISSING_FROM_SAMPLE,Not in 2023-24 sample,10-229,2877653,2419759,15.91,64.43,53.1,21.12,0.05,36.33,72.24,2021,0,1,0,1,0,0,0,14.872485589320156,23,98.086,98.086,1.914
24,Nawada,10,2021,510,459,511139744,4.93,49.97,50.03,23.51,,3.8501,13,B,REAL,1.0,10,Bihar,24,24.0,Nawada,mid,low_connectivity,True,True,VERIFIED,,10-237,2219146,2003567,9.71,59.76,48.86,25.47,0.09,36.82,75.14,2021,0,0,0,0,0,0,0,14.612632995153644,24,97.951,97.951,2.049
25,Pashchim Champaran,10,2021,191,161,93342600,7.37,53.88,46.12,19.53,,,8,D,REAL,1.0,10,Bihar,25,25.0,Pashchim Champaran,late,low_connectivity,True,True,SPELLING_MISMATCH,Census: Pashchim Champaran,10-203,3935042,3541877,9.99,55.7,44.69,14.08,6.35,37.58,82.25,2021,0,0,1,0,0,0,0,15.185432113220136,25,95.704,95.704,4.296
26,Patna,10,2021,98,76,22349778,13.0,61.0,39.0,27.59,,,1,D,REAL,1.0,10,Bihar,26,26.0,Patna,early,low_connectivity,True,True,VERIFIED,State capital,10-230,5838465,3323875,43.07,70.68,61.96,15.77,0.16,32.23,49.39,2021,0,1,0,1,0,0,0,15.57997847778952,26,100.0,86.517,0.0
27,Purba Champaran,10,2021,820,687,934068795,8.19,53.64,46.36,23.56,,3.7612,27,A,REAL,1.0,10,Bihar,27,27.0,Purba Champaran,late,low_connectivity,True,True,SPELLING_MISMATCH,Census: Purba Champaran,10-204,5099371,4698028,7.87,55.79,45.12,12.74,0.24,34.07,80.94,2021,0,0,1,0,0,0,1,15.44462775675504,27,94.705,94.705,5.295
28,Purnia,10,2021,4096,3623,4928905023,6.2,54.2,45.8,23.87,,3.8501,138,A,REAL,1.0,10,Bihar,28,28.0,Purnia,mid,low_connectivity,True,True,VERIFIED,Large PLFS sample (n≈4000),10-211,3264619,2921614,10.51,51.08,42.34,11.98,4.27,35.02,82.43,2021,0,0,0,0,0,0,0,14.998653621693713,28,96.044,95.856,3.956
29,Rohtas,10,2021,802,691,557550935,10.38,49.32,50.68,20.4,,,9,A,REAL,1.0,10,Bihar,29,29.0,Rohtas,mid,low_connectivity,True,True,VERIFIED,,10-234,2959918,2532153,14.45,73.37,62.97,18.57,1.07,31.25,67.43,2021,0,0,0,0,0,0,0,14.900672123213813,29,98.686,98.686,1.314
30,Saharsa,10,2021,306,277,262737282,6.67,59.96,40.04,26.13,,3.8501,13,C,REAL,1.0,10,Bihar,30,30.0,Saharsa,late,low_connectivity,True,True,VERIFIED,,10-214,1900661,1744121,8.24,53.2,41.68,16.69,0.32,34.19,80.23,2021,0,0,1,0,0,0,1,14.457712278372169,30,100.0,100.0,0.0
32,Saran,10,2021,312,264,181217373,5.02,51.93,48.07,22.47,,0.0,13,C,REAL,1.0,10,Bihar,32,32.0,Saran,mid,low_connectivity,True,True,VERIFIED,Also known as Chapra,10-219,3951862,3598660,8.94,65.96,54.42,12.0,0.93,26.32,69.75,2021,0,0,0,0,0,0,0,15.189697418211871,32,100.0,100.0,0.0
33,Sheikhpura,10,2021,322,259,267653289,11.61,53.46,46.54,30.69,,3.8395,16,C,REAL,1.0,10,Bihar,33,33.0,Sheikhpura,mid,low_connectivity,True,True,VERIFIED,,10-228,636342,527340,17.13,63.86,53.4,20.6,0.1,35.3,73.09,2021,0,0,0,0,0,0,0,13.363491433643205,33,91.744,91.744,8.256
34,Sheohar,10,2021,1279,1087,1247716670,9.76,54.66,45.34,24.41,,3.8501,39,A,REAL,1.0,10,Bihar,34,34.0,Sheohar,late,low_connectivity,True,True,VERIFIED,Smallest district in Bihar,10-205,656246,628130,4.28,53.78,45.26,14.73,0.05,32.97,80.91,2021,0,0,1,0,0,0,1,13.3942909976313,34,98.416,97.813,1.584
35,Sitamarhi,10,2021,206,184,215009695,6.27,49.64,50.36,16.34,,,4,D,REAL,1.0,10,Bihar,35,35.0,Sitamarhi,mid,low_connectivity,True,True,VERIFIED,,10-206,3423574,3233076,5.56,52.05,42.41,11.85,0.09,32.56,76.43,2021,0,0,0,0,0,0,0,15.04619559261562,35,100.0,100.0,0.0
36,Siwan,10,2021,158,144,367722861,1.36,48.71,51.29,34.26,,,4,D,REAL,1.0,10,Bihar,36,36.0,Siwan,mid,low_connectivity,True,True,VERIFIED,,10-218,3330464,3147551,5.49,69.45,58.66,11.61,2.61,28.0,68.78,2021,0,0,0,0,0,0,0,15.018622191589142,36,89.577,89.577,10.423
37,Supaul,10,2021,275,255,272627821,3.31,52.15,47.85,22.95,,3.6376,12,C,REAL,1.0,10,Bihar,37,37.0,Supaul,late,low_connectivity,True,True,VERIFIED,,10-208,2229076,2123518,4.74,57.67,44.77,15.89,0.46,39.37,86.15,2021,0,0,1,0,0,0,1,14.617097707793928,37,100.0,100.0,0.0
38,Vaishali,10,2021,139,72,62582858,27.44,39.1,60.9,29.27,,,0,D,REAL,1.0,10,Bihar,38,38.0,Vaishali,mid,low_connectivity,True,True,VERIFIED,,10-220,3495021,3261942,6.67,66.6,56.73,21.12,0.07,30.34,71.45,2021,0,0,0,0,0,0,0,15.066849942215688,38,62.117,62.117,37.883
1,Araria,10,2023,522,487,544193775,5.66,52.17,47.83,24.96,,3.8067,28,B,REAL,1.0,10,Bihar,1,1.0,Araria,late,low_connectivity,True,True,VERIFIED,,10-209,2811569,2642792,6.0,53.53,43.93,13.61,1.38,38.05,85.51,2023,1,0,1,0,0,1,1,14.84925324847264,1,98.509,98.509,1.491
2,Arwal,10,2023,854,699,801734039,8.3,55.15,44.85,19.7,,3.8067,28,A,REAL,1.0,10,Bihar,2,2.0,Arwal,mid,low_connectivity,True,True,VERIFIED,Created from Jehanabad 2001,10-240,700843,648994,7.4,67.43,54.85,20.16,0.08,33.72,82.01,2023,1,0,0,0,0,0,0,13.460039175169454,2,98.367,96.418,1.633
5,Begusarai,10,2023,531,463,520522226,8.75,54.0,46.0,20.86,,3.8501,13,B,REAL,1.0,10,Bihar,5,5.0,Begusarai,mid,low_connectivity,True,True,VERIFIED,,10-222,2970541,2400718,19.18,63.87,55.21,14.55,0.05,31.58,61.49,2023,1,0,0,0,0,0,0,14.90425464907285,5,98.632,98.632,1.368
7,Bhojpur,10,2023,35,32,44641917,0.0,59.5,40.5,20.87,,,6,D,REAL,1.0,10,Bihar,7,7.0,Bhojpur,mid,low_connectivity,True,True,VERIFIED,,10-231,2728407,2338546,14.29,70.47,58.03,15.59,0.51,30.15,67.57,2023,1,0,0,0,0,0,0,14.819228480365627,7,92.756,92.756,7.244
8,Buxar,10,2023,242,222,190262450,5.99,55.09,44.91,26.04,,3.8501,23,C,REAL,1.0,10,Bihar,8,8.0,Buxar,mid,low_connectivity,True,True,VERIFIED,,10-232,1706352,1541853,9.64,70.14,58.63,14.75,1.57,31.55,71.38,2023,1,0,0,0,0,0,0,14.34986831634842,8,99.894,99.894,0.106
9,Darbhanga,10,2023,540,477,510183980,6.81,50.16,49.84,13.42,,3.7136,15,B,REAL,1.0,10,Bihar,9,9.0,Darbhanga,mid,low_connectivity,True,True,VERIFIED,,10-215,3937385,3554057,9.74,56.56,45.24,15.64,0.07,31.08,71.82,2023,1,0,0,0,0,0,0,15.186027355340306,9,97.977,97.977,2.023
10,Gaya,10,2023,270,260,400590581,0.93,56.65,43.35,14.62,,3.7136,12,C,REAL,1.0,10,Bihar,10,10.0,Gaya,early,low_connectivity,True,True,VERIFIED,,10-236,4391418,3809817,13.24,63.67,53.34,30.39,0.07,37.89,69.36,2023,1,1,0,1,1,1,1,15.29516273972959,10,90.091,90.091,9.909
11,Gopalganj,10,2023,56,56,74464272,0.0,54.55,45.45,22.83,,,0,D,REAL,1.0,10,Bihar,11,11.0,Gopalganj,mid,low_connectivity,True,True,VERIFIED,,10-217,2562012,2399207,6.35,65.47,54.81,12.49,2.37,28.42,75.2,2023,1,0,0,0,0,0,0,14.756303445268596,11,100.0,100.0,0.0
12,Jamui,10,2023,364,338,466475493,4.24,50.35,49.65,9.75,,,6,B,REAL,1.0,10,Bihar,12,12.0,Jamui,late,low_connectivity,True,True,VERIFIED,,10-238,1760405,1615072,8.26,59.79,47.28,17.19,4.48,41.33,67.07,2023,1,0,1,0,0,1,1,14.381054454178615,12,97.343,97.343,2.657
13,Jehanabad,10,2023,1066,984,1181584711,5.51,53.1,46.9,19.41,,3.8501,28,A,REAL,1.0,10,Bihar,13,13.0,Jehanabad,mid,low_connectivity,True,True,VERIFIED,,10-239,1125313,990117,12.01,66.8,55.01,19.81,0.11,32.47,72.7,2023,1,0,0,0,0,0,0,13.933571777146255,13,100.0,99.643,0.0
14,Kaimur,10,2023,1098,964,1292690564,7.69,55.54,44.46,21.64,,4.1589,31,A,REAL,1.0,10,Bihar,14,14.0,Kaimur,late,low_connectivity,True,True,SPELLING_MISMATCH,Census name: Kaimur (Bhabua),10-233,1626384,1560813,4.03,69.34,58.4,22.69,3.57,31.43,77.01,2023,1,0,1,0,0,1,1,14.301869703569576,14,90.263,90.263,9.737
15,Katihar,10,2023,331,263,296837861,15.43,42.67,57.33,26.63,,3.8501,19,C,REAL,1.0,10,Bihar,15,15.0,Katihar,late,low_connectivity,True,True,VERIFIED,,10-212,3071029,2797207,8.92,52.24,44.39,8.57,5.86,33.0,82.99,2023,1,0,1,0,0,1,1,14.937523242556493,15,100.0,100.0,0.0
16,Khagaria,10,2023,336,256,322032052,20.4,48.52,51.48,24.2,,3.8501,19,C,REAL,1.0,10,Bihar,16,16.0,Khagaria,mid,low_connectivity,True,True,VERIFIED,,10-223,1666886,1579727,5.23,57.92,49.56,14.83,0.04,33.64,76.72,2023,1,0,0,0,0,0,0,14.326467773071744,16,100.0,100.0,0.0
17,Kishanganj,10,2023,156,135,182958528,11.6,52.54,47.46,18.88,,,9,D,REAL,1.0,10,Bihar,17,17.0,Kishanganj,late,low_connectivity,True,True,VERIFIED,,10-210,1690400,1529277,9.53,55.46,46.76,6.69,3.8,31.3,81.22,2023,1,0,1,0,0,0,0,14.340475745283983,17,100.0,94.244,0.0
18,Lakhisarai,10,2023,190,169,294769134,6.47,52.83,47.17,21.54,,,5,D,REAL,1.0,10,Bihar,18,18.0,Lakhisarai,mid,low_connectivity,True,True,VERIFIED,,10-227,1000912,857901,14.29,62.42,52.57,15.31,0.83,32.63,73.03,2023,1,0,0,0,0,0,0,13.816422142344951,18,100.0,100.0,0.0
19,Madhepura,10,2023,219,196,227919101,5.74,48.33,51.67,15.62,,,9,D,REAL,1.0,10,Bihar,19,19.0,Madhepura,late,low_connectivity,True,True,VERIFIED,,10-213,2001762,1913301,4.42,52.25,41.74,17.3,0.63,38.84,86.79,2023,1,0,1,0,0,0,0,14.509538350671502,19,100.0,97.072,0.0
20,Madhubani,10,2023,445,407,560537803,6.04,54.68,45.32,16.83,,3.7136,19,B,REAL,1.0,10,Bihar,20,20.0,Madhubani,mid,low_connectivity,True,True,VERIFIED,,10-207,4487379,4325884,3.6,58.62,46.16,13.08,0.09,36.48,81.71,2023,1,0,0,0,0,0,0,15.31677934762684,20,98.649,98.649,1.351
21,Munger,10,2023,153,137,266070280,6.76,47.8,52.2,17.32,,3.8501,14,D,REAL,1.0,10,Bihar,21,21.0,Munger,mid,low_connectivity,True,True,VERIFIED,,10-226,1367765,987645,27.79,70.46,62.08,13.44,1.56,31.19,56.81,2023,1,0,0,0,0,0,0,14.128688578782404,21,100.0,100.0,0.0
22,Muzaffarpur,10,2023,930,814,906525766,9.1,50.21,49.79,21.7,,3.8501,26,A,REAL,1.0,10,Bihar,22,22.0,Muzaffarpur,early,low_connectivity,True,True,VERIFIED,,10-216,4801062,4327625,9.86,63.43,54.67,15.66,0.12,32.23,67.36,2023,1,1,0,1,1,1,1,15.384347701405948,22,96.177,96.177,3.823
24,Nawada,10,2023,586,506,588927827,6.32,48.47,51.53,26.8,,3.7136,21,A,REAL,1.0,10,Bihar,24,24.0,Nawada,mid,low_connectivity,True,True,VERIFIED,,10-237,2219146,2003567,9.71,59.76,48.86,25.47,0.09,36.82,75.14,2023,1,0,0,0,0,0,0,14.612632995153644,24,97.831,97.831,2.169
25,Pashchim Champaran,10,2023,279,249,302071319,6.92,52.97,47.03,19.6,,,3,C,REAL,1.0,10,Bihar,25,25.0,Pashchim Champaran,late,low_connectivity,True,True,SPELLING_MISMATCH,Census: Pashchim Champaran,10-203,3935042,3541877,9.99,55.7,44.69,14.08,6.35,37.58,82.25,2023,1,0,1,0,0,1,1,15.185432113220136,25,97.431,97.431,2.569
26,Patna,10,2023,76,63,66611516,5.13,50.23,49.77,11.8,,,1,D,REAL,1.0,10,Bihar,26,26.0,Patna,early,low_connectivity,True,True,VERIFIED,State capital,10-230,5838465,3323875,43.07,70.68,61.96,15.77,0.16,32.23,49.39,2023,1,1,0,1,1,0,0,15.57997847778952,26,100.0,100.0,0.0
27,Purba Champaran,10,2023,463,421,268350916,5.63,49.8,50.2,14.21,,3.4965,14,B,REAL,1.0,10,Bihar,27,27.0,Purba Champaran,late,low_connectivity,True,True,SPELLING_MISMATCH,Census: Purba Champaran,10-204,5099371,4698028,7.87,55.79,45.12,12.74,0.24,34.07,80.94,2023,1,0,1,0,0,1,1,15.44462775675504,27,97.201,97.201,2.799
28,Purnia,10,2023,4215,3562,5251580873,9.81,53.02,46.98,17.42,,3.8918,90,A,REAL,1.0,10,Bihar,28,28.0,Purnia,mid,low_connectivity,True,True,VERIFIED,Large PLFS sample (n≈4000),10-211,3264619,2921614,10.51,51.08,42.34,11.98,4.27,35.02,82.43,2023,1,0,0,0,0,0,0,14.998653621693713,28,94.44,94.303,5.56
29,Rohtas,10,2023,562,490,442101502,4.52,49.92,50.08,15.44,,3.7842,10,B,REAL,1.0,10,Bihar,29,29.0,Rohtas,mid,low_connectivity,True,True,VERIFIED,,10-234,2959918,2532153,14.45,73.37,62.97,18.57,1.07,31.25,67.43,2023,1,0,0,0,0,0,0,14.900672123213813,29,88.409,88.409,11.591
30,Saharsa,10,2023,69,69,38801239,0.0,45.15,54.85,21.58,,,0,D,REAL,1.0,10,Bihar,30,30.0,Saharsa,late,low_connectivity,True,True,VERIFIED,,10-214,1900661,1744121,8.24,53.2,41.68,16.69,0.32,34.19,80.23,2023,1,0,1,0,0,0,0,14.457712278372169,30,100.0,100.0,0.0
31,Samastipur,10,2023,338,302,312198293,7.63,55.44,44.56,24.04,,,9,B,REAL,1.0,10,Bihar,31,31.0,Samastipur,mid,low_connectivity,True,True,VERIFIED,,10-221,4261566,4113769,3.47,61.86,51.51,18.85,0.04,31.52,75.98,2023,1,0,0,0,0,0,0,15.26514725632896,31,97.526,97.526,2.474
32,Saran,10,2023,962,825,884208524,11.44,52.55,47.45,17.1,,3.7136,26,A,REAL,1.0,10,Bihar,32,32.0,Saran,mid,low_connectivity,True,True,VERIFIED,Also known as Chapra,10-219,3951862,3598660,8.94,65.96,54.42,12.0,0.93,26.32,69.75,2023,1,0,0,0,0,0,0,15.189697418211871,32,95.934,95.269,4.066
33,Sheikhpura,10,2023,497,442,409482441,6.85,52.46,47.54,21.68,,3.4965,17,B,REAL,1.0,10,Bihar,33,33.0,Sheikhpura,mid,low_connectivity,True,True,VERIFIED,,10-228,636342,527340,17.13,63.86,53.4,20.6,0.1,35.3,73.09,2023,1,0,0,0,0,0,0,13.363491433643205,33,94.691,94.691,5.309
34,Sheohar,10,2023,740,633,782993391,8.96,51.13,48.87,24.49,,3.8501,41,A,REAL,1.0,10,Bihar,34,34.0,Sheohar,late,low_connectivity,True,True,VERIFIED,Smallest district in Bihar,10-205,656246,628130,4.28,53.78,45.26,14.73,0.05,32.97,80.91,2023,1,0,1,0,0,1,1,13.3942909976313,34,94.719,94.719,5.281
35,Sitamarhi,10,2023,333,269,247070037,10.18,49.87,50.13,18.27,,,4,C,REAL,1.0,10,Bihar,35,35.0,Sitamarhi,mid,low_connectivity,True,True,VERIFIED,,10-206,3423574,3233076,5.56,52.05,42.41,11.85,0.09,32.56,76.43,2023,1,0,0,0,0,0,0,15.04619559261562,35,91.073,91.073,8.927
36,Siwan,10,2023,269,229,520901356,11.8,49.27,50.73,21.99,,,3,C,REAL,1.0,10,Bihar,36,36.0,Siwan,mid,low_connectivity,True,True,VERIFIED,,10-218,3330464,3147551,5.49,69.45,58.66,11.61,2.61,28.0,68.78,2023,1,0,0,0,0,0,0,15.018622191589142,36,95.501,95.501,4.499
37,Supaul,10,2023,243,198,196110927,7.98,55.8,44.2,21.47,,,9,D,REAL,1.0,10,Bihar,37,37.0,Supaul,late,low_connectivity,True,True,VERIFIED,,10-208,2229076,2123518,4.74,57.67,44.77,15.89,0.46,39.37,86.15,2023,1,0,1,0,0,0,0,14.617097707793928,37,82.559,82.559,17.441
38,Vaishali,10,2023,160,150,171225480,5.95,54.89,45.11,19.12,,,4,D,REAL,1.0,10,Bihar,38,38.0,Vaishali,mid,low_connectivity,True,True,VERIFIED,,10-220,3495021,3261942,6.67,66.6,56.73,21.12,0.07,30.34,71.45,2023,1,0,0,0,0,0,0,15.066849942215688,38,100.0,100.0,0.0
1,Ajmer,8,2019,1331,1139,1821794393,10.85,51.74,48.26,25.99,,3.8286,36,A,REAL,1.0,8,Rajasthan,1,1.0,Ajmer,mid,intermediate,True,True,VERIFIED,,8-119,2583052,1547642,40.08,69.33,55.68,18.51,2.46,40.79,42.17,2019,0,0,0,0,0,0,0,14.764482203505226,1,94.898,84.598,5.102
2,Alwar,8,2019,498,395,645502700,18.28,54.68,45.32,29.22,,3.8501,18,B,REAL,1.0,8,Rajasthan,2,2.0,Alwar,mid,intermediate,True,True,VERIFIED,,8-104,3674179,3019728,17.81,70.72,56.25,17.77,7.87,46.5,65.3,2019,0,0,0,0,0,0,0,15.11684026431073,2,98.069,80.138,1.931
3,Banswara,8,2019,1163,860,1302772748,20.38,52.54,47.46,26.54,,3.8501,48,A,REAL,1.0,8,Rajasthan,3,3.0,Banswara,late,intermediate,True,True,VERIFIED,High tribal population,8-125,1797485,1669864,7.1,56.33,43.06,4.46,76.38,50.99,81.38,2019,0,0,1,0,0,1,1,14.401899023619016,3,91.452,72.813,8.548
4,Baran,8,2019,515,401,447405878,20.35,51.45,48.55,33.67,,4.1271,15,B,REAL,1.0,8,Rajasthan,4,4.0,Baran,late,intermediate,True,True,VERIFIED,,8-128,1222755,968541,20.79,66.66,51.96,18.09,22.64,45.19,72.67,2019,0,0,1,0,0,1,1,14.016617067536568,4,94.993,75.661,5.007
5,Barmer,8,2019,326,279,769208375,8.76,55.39,44.61,30.37,,3.8067,20,C,REAL,1.0,8,Rajasthan,5,5.0,Barmer,late,intermediate,True,True,VERIFIED,,8-115,2603751,2421914,6.98,56.53,40.63,16.76,6.77,46.18,73.76,2019,0,0,1,0,0,1,1,14.772463655618695,5,94.53,86.248,5.47
6,Bharatpur,8,2019,1253,989,2361797701,15.66,48.38,51.62,24.27,,3.8501,61,A,REAL,1.0,8,Rajasthan,6,6.0,Bharatpur,mid,intermediate,True,True,VERIFIED,,8-105,2548462,2053363,19.43,70.11,54.24,21.87,2.12,42.03,69.07,2019,0,0,0,0,0,0,0,14.751000597919264,6,92.848,78.309,7.152
7,Bhilwara,8,2019,464,386,790330780,11.89,51.99,48.01,31.46,,3.8501,21,B,REAL,1.0,8,Rajasthan,7,7.0,Bhilwara,mid,intermediate,True,True,VERIFIED,,8-122,2408523,1895869,21.28,61.37,47.21,16.94,9.52,47.67,62.55,2019,0,0,0,0,0,0,0,14.69452425451896,7,93.498,82.381,6.502
8,Bikaner,8,2019,157,142,65603622,14.01,46.54,53.46,15.17,,,5,D,REAL,1.0,8,Rajasthan,8,8.0,Bikaner,mid,intermediate,True,True,VERIFIED,,8-101,2363937,1563553,33.86,65.13,53.23,20.88,0.33,41.72,61.15,2019,0,0,0,0,0,0,0,14.675839007406822,8,99.348,85.425,0.652
9,Bundi,8,2019,693,623,643054730,7.21,48.64,51.36,23.55,,3.8501,12,A,REAL,1.0,8,Rajasthan,9,9.0,Bundi,mid,intermediate,True,True,VERIFIED,,8-121,1110906,888205,20.05,61.52,46.55,18.97,20.57,47.36,68.78,2019,0,0,0,0,0,0,0,13.920686456581423,9,95.351,88.479,4.649
10,Chittaurgarh,8,2019,397,343,225684996,11.0,52.74,47.26,25.97,,3.7136,10,B,REAL,1.0,8,Rajasthan,10,10.0,Chittaurgarh,late,intermediate,True,True,SPELLING_MISMATCH,Census: Chittaurgarh,8-126,1544338,1259074,18.47,61.71,46.53,16.2,13.05,51.98,71.84,2019,0,0,1,0,0,1,1,14.25010589752624,10,96.685,86.052,3.315
11,Churu,8,2019,385,320,416102088,14.91,55.02,44.98,25.84,,3.8286,19,B,REAL,1.0,8,Rajasthan,11,11.0,Churu,mid,intermediate,True,True,VERIFIED,,8-102,2039547,1463312,28.25,66.75,54.04,22.15,0.55,44.27,73.17,2019,0,0,0,0,0,0,0,14.528238282338158,11,96.597,82.196,3.403
12,Dausa,8,2019,4796,4049,8521893256,10.48,54.52,45.48,24.47,,3.8286,196,A,REAL,1.0,8,Rajasthan,12,12.0,Dausa,mid,intermediate,True,True,VERIFIED,Large PLFS sample (n≈4800),8-109,1634409,1432616,12.35,68.16,51.93,21.68,26.51,41.88,68.26,2019,0,0,0,0,0,0,0,14.306791829078318,12,93.377,83.589,6.623
13,Dhaulpur,8,2019,620,521,934725439,9.13,49.95,50.05,23.47,,3.1355,25,A,REAL,1.0,8,Rajasthan,13,13.0,Dhaulpur,mid,intermediate,True,True,SPELLING_MISMATCH,Census: Dhaulpur; common variant: Dholpur,8-106,1206516,959066,20.51,69.08,54.67,20.36,4.86,43.37,58.16,2019,0,0,0,0,0,0,0,14.003247425459495,13,95.02,86.346,4.98
14,Dungarpur,8,2019,1005,846,1181314357,12.09,48.76,51.24,19.73,,3.4657,31,A,REAL,1.0,8,Rajasthan,14,14.0,Dungarpur,late,intermediate,True,True,VERIFIED,High tribal population,8-124,1388552,1299809,6.39,59.46,46.16,3.76,70.82,46.2,64.25,2019,0,0,1,0,0,1,1,14.143772035513877,14,96.794,85.094,3.206
15,Ganganagar,8,2019,1778,1486,2418927257,11.23,52.79,47.21,32.13,,3.8501,74,A,REAL,1.0,8,Rajasthan,15,15.0,Ganganagar,early,intermediate,True,True,VERIFIED,Also Sri Ganganagar; Census code 099,8-99,1969168,1433736,27.19,69.64,59.7,36.58,0.68,46.35,54.65,2019,0,1,0,1,0,1,1,14.493121676480236,15,93.938,83.393,6.062
16,Hanumangarh,8,2019,104,94,193667086,11.92,52.8,47.2,25.18,,,6,D,REAL,1.0,8,Rajasthan,16,16.0,Hanumangarh,early,intermediate,False,False,MISSING_FROM_SAMPLE,Not in 2023-24 PLFS sample,8-100,1774692,1424228,19.75,67.13,55.84,27.85,0.81,47.07,64.33,2019,0,1,0,1,0,0,0,14.38913744470836,16,100.0,88.076,0.0
17,Jaipur,8,2019,625,509,780020728,13.26,51.54,48.46,17.52,,3.45,20,A,REAL,1.0,8,Rajasthan,17,17.0,Jaipur,early,intermediate,True,True,VERIFIED,State capital — urban-influenced,8-110,6626178,3154331,52.4,75.51,64.02,15.14,7.97,37.2,35.53,2019,0,1,0,1,0,1,1,15.706538725350756,17,95.458,82.804,4.542
18,Jaisalmer,8,2019,99,71,75933339,28.63,49.49,50.51,28.29,,,5,D,REAL,1.0,8,Rajasthan,18,18.0,Jaisalmer,late,intermediate,True,True,VERIFIED,Very low population density,8-114,669919,580894,13.29,57.22,39.71,14.8,6.33,43.13,61.04,2019,0,0,1,0,0,0,0,13.414912088536308,18,91.774,65.502,8.226
19,Jalor,8,2019,263,233,623000213,11.08,50.32,49.68,20.0,,,6,C,REAL,1.0,8,Rajasthan,19,19.0,Jalor,late,intermediate,True,True,SPELLING_MISMATCH,Census: Jalor,8-116,1828730,1676975,8.3,54.86,38.47,19.53,9.77,49.03,72.65,2019,0,0,1,0,0,1,1,14.41913229482468,19,98.752,87.81,1.248
20,Jhalawar,8,2019,301,283,627158113,6.41,55.17,44.83,22.99,,3.8501,31,C,REAL,1.0,8,Rajasthan,20,20.0,Jhalawar,mid,intermediate,True,True,VERIFIED,,8-129,1411129,1181838,16.25,61.5,46.53,17.26,12.91,48.61,78.5,2019,0,0,0,0,0,0,0,14.1599006511776,20,98.949,92.604,1.051
21,Jhunjhunun,8,2019,1112,936,1488664122,12.57,51.39,48.61,29.54,,3.8501,51,A,REAL,1.0,8,Rajasthan,21,21.0,Jhunjhunun,mid,intermediate,True,True,SPELLING_MISMATCH,Census: Jhunjhunun,8-103,2137045,1647966,22.89,74.13,60.95,16.88,1.95,41.86,66.01,2019,0,0,0,0,0,0,0,14.5749345916369,21,95.557,83.542,4.443
22,Jodhpur,8,2019,218,149,297155538,21.22,36.48,63.52,31.64,,,3,D,REAL,1.0,8,Rajasthan,22,22.0,Jodhpur,mid,intermediate,True,True,VERIFIED,,8-113,3687165,2422551,34.3,65.94,51.83,16.49,3.23,40.4,56.01,2019,0,0,0,0,0,0,0,15.120368428045705,22,91.89,72.39,8.11
23,Karauli,8,2019,105,92,73475158,13.35,49.72,50.28,35.86,,,7,D,REAL,1.0,8,Rajasthan,23,23.0,Karauli,late,intermediate,True,True,VERIFIED,,8-107,1458248,1240143,14.96,66.22,48.61,24.31,22.28,43.12,71.68,2019,0,0,1,0,0,0,0,14.192746273108,23,99.187,85.949,0.813
24,Kota,8,2019,439,381,568928705,7.62,55.37,44.63,26.48,,3.8501,18,B,REAL,1.0,8,Rajasthan,24,24.0,Kota,early,intermediate,True,True,VERIFIED,Industrial city,8-127,1951014,774410,60.31,76.56,65.87,20.78,9.42,38.38,36.76,2019,0,1,0,1,0,1,1,14.48385979538678,24,93.379,86.263,6.621
25,Nagaur,8,2019,242,201,291994889,5.98,57.0,43.0,27.67,,,8,C,REAL,1.0,8,Rajasthan,25,25.0,Nagaur,mid,intermediate,True,True,VERIFIED,,8-112,3307743,2670539,19.26,62.8,47.82,21.16,0.31,43.11,69.99,2019,0,0,0,0,0,0,0,15.01177664166026,25,86.959,81.761,13.041
26,Pali,8,2019,66,63,114401922,0.81,53.59,46.41,36.27,,,0,D,REAL,1.0,8,Rajasthan,26,26.0,Pali,mid,intermediate,True,True,VERIFIED,,8-118,2037573,1577567,22.58,62.39,48.01,19.54,7.1,41.34,57.08,2019,0,0,0,0,0,0,0,14.527269951676198,26,100.0,99.19,0.0
27,Pratapgarh,8,2019,176,162,194172101,3.7,48.47,51.53,32.03,,3.8501,15,D,REAL,1.0,8,Rajasthan,27,27.0,Pratapgarh,late,intermediate,True,True,VERIFIED,Created 2008; in all PLFS rounds,8-131,867848,796041,8.27,55.97,42.35,6.96,63.42,55.46,83.78,2019,0,0,1,0,0,0,0,13.673771863100656,27,94.616,91.112,5.384
28,Rajsamand,8,2019,331,286,438675600,11.73,51.33,48.67,21.31,,,8,C,REAL,1.0,8,Rajasthan,28,28.0,Rajsamand,mid,intermediate,True,True,VERIFIED,,8-123,1156597,972777,15.89,63.14,47.95,12.81,13.9,47.63,57.04,2019,0,0,0,0,0,0,0,13.960992630893449,28,98.901,87.296,1.099
29,Sawai Madhopur,8,2019,1134,920,2553779213,15.34,51.58,48.42,22.02,,3.8501,35,A,REAL,1.0,8,Rajasthan,29,29.0,Sawai Madhopur,mid,intermediate,True,True,VERIFIED,,8-108,1335551,1069084,19.95,65.39,47.51,20.87,21.4,43.28,69.57,2019,0,0,0,0,0,0,0,14.1048544987476,29,97.1,82.208,2.9
30,Sikar,8,2019,325,274,217903223,16.78,51.81,48.19,23.64,,3.8501,18,C,REAL,1.0,8,Rajasthan,30,30.0,Sikar,mid,intermediate,True,True,VERIFIED,,8-111,2677333,2043427,23.68,71.91,58.23,15.64,2.81,37.59,58.54,2019,0,0,0,0,0,0,0,14.800331707743538,30,97.745,81.347,2.255
31,Sirohi,8,2019,706,591,814863821,13.21,52.02,47.98,22.31,,3.7612,15,A,REAL,1.0,8,Rajasthan,31,31.0,Sirohi,late,intermediate,True,True,VERIFIED,,8-117,1036346,827692,20.13,55.25,39.73,19.48,28.22,40.51,52.86,2019,0,0,1,0,0,1,1,13.851211622877694,31,94.457,81.978,5.543
32,Tonk,8,2019,1037,863,1093680924,15.22,49.14,50.86,35.67,,4.0073,29,A,REAL,1.0,8,Rajasthan,32,32.0,Tonk,mid,intermediate,True,True,VERIFIED,,8-120,1421326,1103603,22.35,61.58,45.45,20.26,12.54,45.67,67.7,2019,0,0,0,0,0,0,0,14.167100796671726,32,97.49,82.651,2.51
33,Udaipur,8,2019,39,26,36092812,31.11,59.68,40.32,52.51,,,3,D,REAL,1.0,8,Rajasthan,33,33.0,Udaipur,mid,intermediate,True,True,VERIFIED,,8-130,3068420,2459994,19.83,61.82,48.45,6.14,49.71,44.51,61.66,2019,0,0,0,0,0,0,0,14.936673329101048,33,100.0,68.889,0.0
1,Ajmer,8,2021,621,512,988328433,11.57,57.84,42.16,31.64,,3.8286,29,A,REAL,1.0,8,Rajasthan,1,1.0,Ajmer,mid,intermediate,True,True,VERIFIED,,8-119,2583052,1547642,40.08,69.33,55.68,18.51,2.46,40.79,42.17,2021,0,0,0,0,0,0,0,14.764482203505226,1,94.605,94.105,5.395
2,Alwar,8,2021,353,299,551770025,10.86,58.03,41.97,34.61,,3.8501,19,C,REAL,1.0,8,Rajasthan,2,2.0,Alwar,mid,intermediate,True,True,VERIFIED,,8-104,3674179,3019728,17.81,70.72,56.25,17.77,7.87,46.5,65.3,2021,0,0,0,0,0,0,0,15.11684026431073,2,99.293,99.293,0.707
3,Banswara,8,2021,969,790,1457573789,13.12,50.93,49.07,21.96,,3.8501,35,A,REAL,1.0,8,Rajasthan,3,3.0,Banswara,late,intermediate,True,True,VERIFIED,High tribal population,8-125,1797485,1669864,7.1,56.33,43.06,4.46,76.38,50.99,81.38,2021,0,0,1,0,0,0,1,14.401899023619016,3,92.801,90.851,7.199
4,Baran,8,2021,819,668,1213772007,11.23,51.04,48.96,23.01,,3.7136,45,A,REAL,1.0,8,Rajasthan,4,4.0,Baran,late,intermediate,True,True,VERIFIED,,8-128,1222755,968541,20.79,66.66,51.96,18.09,22.64,45.19,72.67,2021,0,0,1,0,0,0,1,14.016617067536568,4,99.167,92.163,0.833
5,Barmer,8,2021,510,431,541277108,16.04,52.68,47.32,26.44,,3.7136,19,B,REAL,1.0,8,Rajasthan,5,5.0,Barmer,late,intermediate,True,True,VERIFIED,,8-115,2603751,2421914,6.98,56.53,40.63,16.76,6.77,46.18,73.76,2021,0,0,1,0,0,0,1,14.772463655618695,5,98.984,98.984,1.016
6,Bharatpur,8,2021,559,467,949921125,9.38,50.66,49.34,26.68,,3.7495,10,B,REAL,1.0,8,Rajasthan,6,6.0,Bharatpur,mid,intermediate,True,True,VERIFIED,,8-105,2548462,2053363,19.43,70.11,54.24,21.87,2.12,42.03,69.07,2021,0,0,0,0,0,0,0,14.751000597919264,6,97.997,97.997,2.003
7,Bhilwara,8,2021,809,683,1445242412,9.48,52.04,47.96,26.04,,3.8501,31,A,REAL,1.0,8,Rajasthan,7,7.0,Bhilwara,mid,intermediate,True,True,VERIFIED,,8-122,2408523,1895869,21.28,61.37,47.21,16.94,9.52,47.67,62.55,2021,0,0,0,0,0,0,0,14.69452425451896,7,94.443,94.443,5.557
8,Bikaner,8,2021,20,20,90884527,0.0,65.75,34.25,27.62,,,0,D,REAL,1.0,8,Rajasthan,8,8.0,Bikaner,mid,intermediate,True,True,VERIFIED,,8-101,2363937,1563553,33.86,65.13,53.23,20.88,0.33,41.72,61.15,2021,0,0,0,0,0,0,0,14.675839007406822,8,100.0,100.0,0.0
9,Bundi,8,2021,333,297,244831498,4.19,52.4,47.6,30.32,,,9,C,REAL,1.0,8,Rajasthan,9,9.0,Bundi,mid,intermediate,True,True,VERIFIED,,8-121,1110906,888205,20.05,61.52,46.55,18.97,20.57,47.36,68.78,2021,0,0,0,0,0,0,0,13.920686456581423,9,100.0,100.0,0.0
10,Chittaurgarh,8,2021,832,694,483701779,15.66,54.77,45.23,28.11,,4.0254,24,A,REAL,1.0,8,Rajasthan,10,10.0,Chittaurgarh,late,intermediate,True,True,SPELLING_MISMATCH,Census: Chittaurgarh,8-126,1544338,1259074,18.47,61.71,46.53,16.2,13.05,51.98,71.84,2021,0,0,1,0,0,0,1,14.25010589752624,10,100.0,99.477,0.0
11,Churu,8,2021,340,274,477303729,13.27,50.75,49.25,25.07,,3.8067,21,C,REAL,1.0,8,Rajasthan,11,11.0,Churu,mid,intermediate,True,True,VERIFIED,,8-102,2039547,1463312,28.25,66.75,54.04,22.15,0.55,44.27,73.17,2021,0,0,0,0,0,0,0,14.528238282338158,11,96.932,96.932,3.068
12,Dausa,8,2021,4555,3944,7957831072,8.51,54.59,45.41,28.7,,3.8501,251,A,REAL,1.0,8,Rajasthan,12,12.0,Dausa,mid,intermediate,True,True,VERIFIED,Large PLFS sample (n≈4800),8-109,1634409,1432616,12.35,68.16,51.93,21.68,26.51,41.88,68.26,2021,0,0,0,0,0,0,0,14.306791829078318,12,98.078,96.852,1.922
13,Dhaulpur,8,2021,809,641,1362309440,14.53,51.69,48.31,24.05,,3.7136,31,A,REAL,1.0,8,Rajasthan,13,13.0,Dhaulpur,mid,intermediate,True,True,SPELLING_MISMATCH,Census: Dhaulpur; common variant: Dholpur,8-106,1206516,959066,20.51,69.08,54.67,20.36,4.86,43.37,58.16,2021,0,0,0,0,0,0,0,14.003247425459495,13,96.123,96.123,3.877
14,Dungarpur,8,2021,1319,1025,1490712156,14.86,45.29,54.71,21.97,,3.8501,48,A,REAL,1.0,8,Rajasthan,14,14.0,Dungarpur,late,intermediate,True,True,VERIFIED,High tribal population,8-124,1388552,1299809,6.39,59.46,46.16,3.76,70.82,46.2,64.25,2021,0,0,1,0,0,0,1,14.143772035513877,14,92.487,87.82,7.513
15,Ganganagar,8,2021,2223,1798,2593809616,12.17,49.85,50.15,25.41,,3.8501,77,A,REAL,1.0,8,Rajasthan,15,15.0,Ganganagar,early,intermediate,True,True,VERIFIED,Also Sri Ganganagar; Census code 099,8-99,1969168,1433736,27.19,69.64,59.7,36.58,0.68,46.35,54.65,2021,0,1,0,1,0,0,1,14.493121676480236,15,94.282,91.911,5.718
16,Hanumangarh,8,2021,248,181,254935283,20.09,59.2,40.8,22.78,,3.8501,10,D,REAL,1.0,8,Rajasthan,16,16.0,Hanumangarh,early,intermediate,False,False,MISSING_FROM_SAMPLE,Not in 2023-24 PLFS sample,8-100,1774692,1424228,19.75,67.13,55.84,27.85,0.81,47.07,64.33,2021,0,1,0,1,0,0,0,14.38913744470836,16,86.523,86.523,13.477
17,Jaipur,8,2021,169,129,205992032,22.41,46.28,53.72,38.21,,,2,D,REAL,1.0,8,Rajasthan,17,17.0,Jaipur,early,intermediate,True,True,VERIFIED,State capital — urban-influenced,8-110,6626178,3154331,52.4,75.51,64.02,15.14,7.97,37.2,35.53,2021,0,1,0,1,0,0,0,15.706538725350756,17,100.0,89.392,0.0
18,Jaisalmer,8,2021,234,205,515023784,10.75,50.8,49.2,23.14,,,6,C,REAL,1.0,8,Rajasthan,18,18.0,Jaisalmer,late,intermediate,True,True,VERIFIED,Very low population density,8-114,669919,580894,13.29,57.22,39.71,14.8,6.33,43.13,61.04,2021,0,0,1,0,0,0,1,13.414912088536308,18,98.831,98.831,1.169
19,Jalor,8,2021,163,140,185923235,11.65,44.96,55.04,25.51,,,2,D,REAL,1.0,8,Rajasthan,19,19.0,Jalor,late,intermediate,True,True,SPELLING_MISMATCH,Census: Jalor,8-116,1828730,1676975,8.3,54.86,38.47,19.53,9.77,49.03,72.65,2021,0,0,1,0,0,0,0,14.41913229482468,19,100.0,89.646,0.0
20,Jhalawar,8,2021,215,196,391007993,3.51,51.52,48.48,15.62,,,3,D,REAL,1.0,8,Rajasthan,20,20.0,Jhalawar,mid,intermediate,True,True,VERIFIED,,8-129,1411129,1181838,16.25,61.5,46.53,17.26,12.91,48.61,78.5,2021,0,0,0,0,0,0,0,14.1599006511776,20,100.0,100.0,0.0
21,Jhunjhunun,8,2021,914,771,1214945789,13.67,51.45,48.55,29.45,,3.8501,33,A,REAL,1.0,8,Rajasthan,21,21.0,Jhunjhunun,mid,intermediate,True,True,SPELLING_MISMATCH,Census: Jhunjhunun,8-103,2137045,1647966,22.89,74.13,60.95,16.88,1.95,41.86,66.01,2021,0,0,0,0,0,0,0,14.5749345916369,21,99.064,99.064,0.936
22,Jodhpur,8,2021,162,139,189137216,8.57,54.31,45.69,35.07,,3.4657,11,D,REAL,1.0,8,Rajasthan,22,22.0,Jodhpur,mid,intermediate,True,True,VERIFIED,,8-113,3687165,2422551,34.3,65.94,51.83,16.49,3.23,40.4,56.01,2021,0,0,0,0,0,0,0,15.120368428045705,22,91.34,91.34,8.66
23,Karauli,8,2021,140,117,93475819,16.96,55.26,44.74,33.07,,,8,D,REAL,1.0,8,Rajasthan,23,23.0,Karauli,late,intermediate,True,True,VERIFIED,,8-107,1458248,1240143,14.96,66.22,48.61,24.31,22.28,43.12,71.68,2021,0,0,1,0,0,0,0,14.192746273108,23,100.0,100.0,0.0
24,Kota,8,2021,827,719,1164340886,8.03,51.19,48.81,22.8,,3.8501,41,A,REAL,1.0,8,Rajasthan,24,24.0,Kota,early,intermediate,True,True,VERIFIED,Industrial city,8-127,1951014,774410,60.31,76.56,65.87,20.78,9.42,38.38,36.76,2021,0,1,0,1,0,0,1,14.48385979538678,24,92.03,90.734,7.97
25,Nagaur,8,2021,161,132,276601582,6.03,49.62,50.38,22.07,,,6,D,REAL,1.0,8,Rajasthan,25,25.0,Nagaur,mid,intermediate,True,True,VERIFIED,,8-112,3307743,2670539,19.26,62.8,47.82,21.16,0.31,43.11,69.99,2021,0,0,0,0,0,0,0,15.01177664166026,25,100.0,100.0,0.0
26,Pali,8,2021,131,108,106429373,7.59,55.19,44.81,15.93,,,4,D,REAL,1.0,8,Rajasthan,26,26.0,Pali,mid,intermediate,True,True,VERIFIED,,8-118,2037573,1577567,22.58,62.39,48.01,19.54,7.1,41.34,57.08,2021,0,0,0,0,0,0,0,14.527269951676198,26,94.946,91.65,5.054
27,Pratapgarh,8,2021,300,261,404621839,9.54,54.89,45.11,26.0,,,5,C,REAL,1.0,8,Rajasthan,27,27.0,Pratapgarh,late,intermediate,True,True,VERIFIED,Created 2008; in all PLFS rounds,8-131,867848,796041,8.27,55.97,42.35,6.96,63.42,55.46,83.78,2021,0,0,1,0,0,0,1,13.673771863100656,27,99.285,99.285,0.715
28,Rajsamand,8,2021,426,322,442278292,16.98,52.2,47.8,42.82,,3.7612,21,B,REAL,1.0,8,Rajasthan,28,28.0,Rajsamand,mid,intermediate,True,True,VERIFIED,,8-123,1156597,972777,15.89,63.14,47.95,12.81,13.9,47.63,57.04,2021,0,0,0,0,0,0,0,13.960992630893449,28,88.29,88.29,11.71
29,Sawai Madhopur,8,2021,1111,921,1618931812,14.66,53.89,46.11,37.83,,4.0254,41,A,REAL,1.0,8,Rajasthan,29,29.0,Sawai Madhopur,mid,intermediate,True,True,VERIFIED,,8-108,1335551,1069084,19.95,65.39,47.51,20.87,21.4,43.28,69.57,2021,0,0,0,0,0,0,0,14.1048544987476,29,98.631,98.631,1.369
30,Sikar,8,2021,636,484,738741920,17.72,50.77,49.23,22.89,,4.4427,11,B,REAL,1.0,8,Rajasthan,30,30.0,Sikar,mid,intermediate,True,True,VERIFIED,,8-111,2677333,2043427,23.68,71.91,58.23,15.64,2.81,37.59,58.54,2021,0,0,0,0,0,0,0,14.800331707743538,30,99.94,89.37,0.06
31,Sirohi,8,2021,243,211,259590288,7.4,52.59,47.41,29.1,,3.8395,10,C,REAL,1.0,8,Rajasthan,31,31.0,Sirohi,late,intermediate,True,True,VERIFIED,,8-117,1036346,827692,20.13,55.25,39.73,19.48,28.22,40.51,52.86,2021,0,0,1,0,0,0,1,13.851211622877694,31,100.0,92.616,0.0
32,Tonk,8,2021,869,755,1126319220,9.56,49.41,50.59,29.11,,3.8501,34,A,REAL,1.0,8,Rajasthan,32,32.0,Tonk,mid,intermediate,True,True,VERIFIED,,8-120,1421326,1103603,22.35,61.58,45.45,20.26,12.54,45.67,67.7,2021,0,0,0,0,0,0,0,14.167100796671726,32,95.196,94.736,4.804
1,Ajmer,8,2023,394,321,638186613,15.5,55.52,44.48,29.0,,4.1589,37,B,REAL,1.0,8,Rajasthan,1,1.0,Ajmer,mid,intermediate,True,True,VERIFIED,,8-119,2583052,1547642,40.08,69.33,55.68,18.51,2.46,40.79,42.17,2023,1,0,0,0,0,0,0,14.764482203505226,1,99.092,98.08,0.908
2,Alwar,8,2023,622,499,915074802,11.53,54.93,45.07,26.89,,3.8501,50,B,REAL,1.0,8,Rajasthan,2,2.0,Alwar,mid,intermediate,True,True,VERIFIED,,8-104,3674179,3019728,17.81,70.72,56.25,17.77,7.87,46.5,65.3,2023,1,0,0,0,0,0,0,15.11684026431073,2,93.258,93.258,6.742
3,Banswara,8,2023,960,774,1485507406,13.7,49.62,50.38,34.59,,3.7612,73,A,REAL,1.0,8,Rajasthan,3,3.0,Banswara,late,intermediate,True,True,VERIFIED,High tribal population,8-125,1797485,1669864,7.1,56.33,43.06,4.46,76.38,50.99,81.38,2023,1,0,1,0,0,1,1,14.401899023619016,3,97.581,95.479,2.419
4,Baran,8,2023,490,404,642493537,15.42,45.46,54.54,31.49,,3.4657,32,B,REAL,1.0,8,Rajasthan,4,4.0,Baran,late,intermediate,True,True,VERIFIED,,8-128,1222755,968541,20.79,66.66,51.96,18.09,22.64,45.19,72.67,2023,1,0,1,0,0,1,1,14.016617067536568,4,98.803,98.306,1.197
5,Barmer,8,2023,511,432,648762899,12.25,55.45,44.55,23.57,,3.7136,43,B,REAL,1.0,8,Rajasthan,5,5.0,Barmer,late,intermediate,True,True,VERIFIED,,8-115,2603751,2421914,6.98,56.53,40.63,16.76,6.77,46.18,73.76,2023,1,0,1,0,0,1,1,14.772463655618695,5,97.684,97.684,2.316
6,Bharatpur,8,2023,731,561,1610985284,18.75,51.52,48.48,27.44,,3.7136,48,A,REAL,1.0,8,Rajasthan,6,6.0,Bharatpur,mid,intermediate,True,True,VERIFIED,,8-105,2548462,2053363,19.43,70.11,54.24,21.87,2.12,42.03,69.07,2023,1,0,0,0,0,0,0,14.751000597919264,6,98.64,95.662,1.36
7,Bhilwara,8,2023,272,220,419665793,13.92,58.08,41.92,29.05,,3.7612,10,C,REAL,1.0,8,Rajasthan,7,7.0,Bhilwara,mid,intermediate,True,True,VERIFIED,,8-122,2408523,1895869,21.28,61.37,47.21,16.94,9.52,47.67,62.55,2023,1,0,0,0,0,0,0,14.69452425451896,7,95.747,88.033,4.253
8,Bikaner,8,2023,184,157,375034185,8.4,54.47,45.53,21.5,,,8,D,REAL,1.0,8,Rajasthan,8,8.0,Bikaner,mid,intermediate,True,True,VERIFIED,,8-101,2363937,1563553,33.86,65.13,53.23,20.88,0.33,41.72,61.15,2023,1,0,0,0,0,0,0,14.675839007406822,8,100.0,97.13,0.0
9,Bundi,8,2023,190,171,249575933,4.0,45.09,54.91,19.19,,,0,D,REAL,1.0,8,Rajasthan,9,9.0,Bundi,mid,intermediate,True,True,VERIFIED,,8-121,1110906,888205,20.05,61.52,46.55,18.97,20.57,47.36,68.78,2023,1,0,0,0,0,0,0,13.920686456581423,9,96.118,96.118,3.882
10,Chittaurgarh,8,2023,417,334,335179667,12.91,51.02,48.98,36.07,,3.8501,20,B,REAL,1.0,8,Rajasthan,10,10.0,Chittaurgarh,late,intermediate,True,True,SPELLING_MISMATCH,Census: Chittaurgarh,8-126,1544338,1259074,18.47,61.71,46.53,16.2,13.05,51.98,71.84,2023,1,0,1,0,0,1,1,14.25010589752624,10,81.608,81.091,18.392
11,Churu,8,2023,372,324,554655200,4.39,55.01,44.99,24.11,,4.1431,13,B,REAL,1.0,8,Rajasthan,11,11.0,Churu,mid,intermediate,True,True,VERIFIED,,8-102,2039547,1463312,28.25,66.75,54.04,22.15,0.55,44.27,73.17,2023,1,0,0,0,0,0,0,14.528238282338158,11,86.476,86.476,13.524
12,Dausa,8,2023,4325,3576,7660166668,11.9,51.91,48.09,25.78,,3.8501,231,A,REAL,1.0,8,Rajasthan,12,12.0,Dausa,mid,intermediate,True,True,VERIFIED,Large PLFS sample (n≈4800),8-109,1634409,1432616,12.35,68.16,51.93,21.68,26.51,41.88,68.26,2023,1,0,0,0,0,0,0,14.306791829078318,12,95.71,94.246,4.29
13,Dhaulpur,8,2023,877,695,1160796012,10.93,57.38,42.62,21.21,,2.3026,61,A,REAL,1.0,8,Rajasthan,13,13.0,Dhaulpur,mid,intermediate,True,True,SPELLING_MISMATCH,Census: Dhaulpur; common variant: Dholpur,8-106,1206516,959066,20.51,69.08,54.67,20.36,4.86,43.37,58.16,2023,1,0,0,0,0,0,0,14.003247425459495,13,95.573,94.44,4.427
14,Dungarpur,8,2023,1000,798,1299854575,16.98,49.0,51.0,28.43,,3.7136,41,A,REAL,1.0,8,Rajasthan,14,14.0,Dungarpur,late,intermediate,True,True,VERIFIED,High tribal population,8-124,1388552,1299809,6.39,59.46,46.16,3.76,70.82,46.2,64.25,2023,1,0,1,0,0,1,1,14.143772035513877,14,97.029,96.328,2.971
15,Ganganagar,8,2023,2053,1682,2951400887,14.48,52.61,47.39,25.51,,3.8501,128,A,REAL,1.0,8,Rajasthan,15,15.0,Ganganagar,early,intermediate,True,True,VERIFIED,Also Sri Ganganagar; Census code 099,8-99,1969168,1433736,27.19,69.64,59.7,36.58,0.68,46.35,54.65,2023,1,1,0,1,1,1,1,14.493121676480236,15,97.709,96.95,2.291
17,Jaipur,8,2023,195,163,280523298,6.84,56.84,43.16,18.32,,,3,D,REAL,1.0,8,Rajasthan,17,17.0,Jaipur,early,intermediate,True,True,VERIFIED,State capital — urban-influenced,8-110,6626178,3154331,52.4,75.51,64.02,15.14,7.97,37.2,35.53,2023,1,1,0,1,1,0,0,15.706538725350756,17,100.0,100.0,0.0
18,Jaisalmer,8,2023,178,160,357670482,8.42,54.5,45.5,14.86,,,8,D,REAL,1.0,8,Rajasthan,18,18.0,Jaisalmer,late,intermediate,True,True,VERIFIED,Very low population density,8-114,669919,580894,13.29,57.22,39.71,14.8,6.33,43.13,61.04,2023,1,0,1,0,0,0,0,13.414912088536308,18,100.0,100.0,0.0
19,Jalor,8,2023,122,102,320463978,11.43,50.6,49.4,20.56,,3.8501,14,D,REAL,1.0,8,Rajasthan,19,19.0,Jalor,late,intermediate,True,True,SPELLING_MISMATCH,Census: Jalor,8-116,1828730,1676975,8.3,54.86,38.47,19.53,9.77,49.03,72.65,2023,1,0,1,0,0,0,0,14.41913229482468,19,100.0,100.0,0.0
20,Jhalawar,8,2023,534,474,1135868989,9.02,52.57,47.43,33.41,,3.1355,50,B,REAL,1.0,8,Rajasthan,20,20.0,Jhalawar,mid,intermediate,True,True,VERIFIED,,8-129,1411129,1181838,16.25,61.5,46.53,17.26,12.91,48.61,78.5,2023,1,0,0,0,0,0,0,14.1599006511776,20,100.0,92.99,0.0
21,Jhunjhunun,8,2023,1144,948,1922566126,13.15,52.36,47.64,28.96,,4.1431,64,A,REAL,1.0,8,Rajasthan,21,21.0,Jhunjhunun,mid,intermediate,True,True,SPELLING_MISMATCH,Census: Jhunjhunun,8-103,2137045,1647966,22.89,74.13,60.95,16.88,1.95,41.86,66.01,2023,1,0,0,0,0,0,0,14.5749345916369,21,96.775,93.831,3.225
22,Jodhpur,8,2023,476,399,537513028,16.57,49.3,50.7,28.16,,2.4849,33,B,REAL,1.0,8,Rajasthan,22,22.0,Jodhpur,mid,intermediate,True,True,VERIFIED,,8-113,3687165,2422551,34.3,65.94,51.83,16.49,3.23,40.4,56.01,2023,1,0,0,0,0,0,0,15.120368428045705,22,96.213,93.063,3.787
23,Karauli,8,2023,115,86,124909679,11.32,47.29,52.71,27.07,,,3,D,REAL,1.0,8,Rajasthan,23,23.0,Karauli,late,intermediate,True,True,VERIFIED,,8-107,1458248,1240143,14.96,66.22,48.61,24.31,22.28,43.12,71.68,2023,1,0,1,0,0,0,0,14.192746273108,23,95.95,92.575,4.05
24,Kota,8,2023,1125,935,1953517080,15.08,52.04,47.96,29.28,,3.8501,48,A,REAL,1.0,8,Rajasthan,24,24.0,Kota,early,intermediate,True,True,VERIFIED,Industrial city,8-127,1951014,774410,60.31,76.56,65.87,20.78,9.42,38.38,36.76,2023,1,1,0,1,1,1,1,14.48385979538678,24,95.198,95.198,4.802
25,Nagaur,8,2023,217,198,203995038,3.73,55.04,44.96,23.68,,,9,D,REAL,1.0,8,Rajasthan,25,25.0,Nagaur,mid,intermediate,True,True,VERIFIED,,8-112,3307743,2670539,19.26,62.8,47.82,21.16,0.31,43.11,69.99,2023,1,0,0,0,0,0,0,15.01177664166026,25,99.36,99.36,0.64
26,Pali,8,2023,196,155,471349580,18.04,55.67,44.33,40.7,,3.8501,11,D,REAL,1.0,8,Rajasthan,26,26.0,Pali,mid,intermediate,True,True,VERIFIED,,8-118,2037573,1577567,22.58,62.39,48.01,19.54,7.1,41.34,57.08,2023,1,0,0,0,0,0,0,14.527269951676198,26,98.932,98.932,1.068
27,Pratapgarh,8,2023,73,69,52921205,2.38,52.63,47.37,34.79,,,2,D,REAL,1.0,8,Rajasthan,27,27.0,Pratapgarh,late,intermediate,True,True,VERIFIED,Created 2008; in all PLFS rounds,8-131,867848,796041,8.27,55.97,42.35,6.96,63.42,55.46,83.78,2023,1,0,1,0,0,0,0,13.673771863100656,27,100.0,100.0,0.0
28,Rajsamand,8,2023,373,323,907743016,12.39,52.39,47.61,25.28,,3.541,26,B,REAL,1.0,8,Rajasthan,28,28.0,Rajsamand,mid,intermediate,True,True,VERIFIED,,8-123,1156597,972777,15.89,63.14,47.95,12.81,13.9,47.63,57.04,2023,1,0,0,0,0,0,0,13.960992630893449,28,99.425,98.563,0.575
29,Sawai Madhopur,8,2023,1493,1265,5515700875,6.43,51.86,48.14,17.94,,4.0073,53,A,REAL,1.0,8,Rajasthan,29,29.0,Sawai Madhopur,mid,intermediate,True,True,VERIFIED,,8-108,1335551,1069084,19.95,65.39,47.51,20.87,21.4,43.28,69.57,2023,1,0,0,0,0,0,0,14.1048544987476,29,98.858,98.825,1.142
30,Sikar,8,2023,396,339,583076482,21.87,54.42,45.58,35.85,,3.8501,24,B,REAL,1.0,8,Rajasthan,30,30.0,Sikar,mid,intermediate,True,True,VERIFIED,,8-111,2677333,2043427,23.68,71.91,58.23,15.64,2.81,37.59,58.54,2023,1,0,0,0,0,0,0,14.800331707743538,30,100.0,87.892,0.0
31,Sirohi,8,2023,419,337,592178712,11.29,47.75,52.25,30.57,,3.8918,22,B,REAL,1.0,8,Rajasthan,31,31.0,Sirohi,late,intermediate,True,True,VERIFIED,,8-117,1036346,827692,20.13,55.25,39.73,19.48,28.22,40.51,52.86,2023,1,0,1,0,0,1,1,13.851211622877694,31,97.036,94.993,2.964
32,Tonk,8,2023,606,536,1088929655,11.2,54.11,45.89,32.5,,4.1271,23,A,REAL,1.0,8,Rajasthan,32,32.0,Tonk,mid,intermediate,True,True,VERIFIED,,8-120,1421326,1103603,22.35,61.58,45.45,20.26,12.54,45.67,67.7,2023,1,0,0,0,0,0,0,14.167100796671726,32,97.659,94.585,2.341
33,Udaipur,8,2023,64,56,77685454,12.86,52.43,47.57,35.79,,,2,D,REAL,1.0,8,Rajasthan,33,33.0,Udaipur,mid,intermediate,True,True,VERIFIED,,8-130,3068420,2459994,19.83,61.82,48.45,6.14,49.71,44.51,61.66,2023,1,0,0,0,0,0,0,14.936673329101048,33,100.0,100.0,0.0
