district,state,survey_year,age_group,smartphone_at_home_pct,personal_phone_ownership_pct,can_use_smartphone_pct,used_for_education_pct,data_status,source,next_action
Kalaburagi,Karnataka,2024,14-16 rural,89.1,32.0,82.2,57.0,PLACEHOLDER_STATE_AVG,ASER 2024 — district values pending Karnataka PDF parse,Download and parse ASER 2024 Karnataka state PDF for district figures
Mysuru,Karnataka,2024,14-16 rural,89.1,32.0,82.2,57.0,PLACEHOLDER_STATE_AVG,ASER 2024 — district values pending Karnataka PDF parse,Download and parse ASER 2024 Karnataka state PDF for district figures
Haveri,Karnataka,2024,14-16 rural,89.1,32.0,82.2,57.0,PLACEHOLDER_STATE_AVG,ASER 2024 — district values pending Karnataka PDF parse,Download and parse ASER 2024 Karnataka state PDF for district figures
Chitradurga,Karnataka,2024,14-16 rural,89.1,32.0,82.2,57.0,PLACEHOLDER_STATE_AVG,ASER 2024 — district values pending Karnataka PDF parse,Download and parse ASER 2024 Karnataka state PDF for district figures
Koppal,Karnataka,2024,14-16 rural,89.1,32.0,82.2,57.0,PLACEHOLDER_STATE_AVG,ASER 2024 — district values pending Karnataka PDF parse,Download and parse ASER 2024 Karnataka state PDF for district figures
Davanagere,Karnataka,2024,14-16 rural,89.1,32.0,82.2,57.0,PLACEHOLDER_STATE_AVG,ASER 2024 — district values pending Karnataka PDF parse,Download and parse ASER 2024 Karnataka state PDF for district figures
Bidar,Karnataka,2024,14-16 rural,89.1,32.0,82.2,57.0,PLACEHOLDER_STATE_AVG,ASER 2024 — district values pending Karnataka PDF parse,Download and parse ASER 2024 Karnataka state PDF for district figures
Bengaluru Urban,Karnataka,2024,14-16 rural,,,,,NOT_SURVEYED,ASER 2024 — district values pending Karnataka PDF parse,Download and parse ASER 2024 Karnataka state PDF for district figures
Tumakuru,Karnataka,2024,14-16 rural,89.1,32.0,82.2,57.0,PLACEHOLDER_STATE_AVG,ASER 2024 — district values pending Karnataka PDF parse,Download and parse ASER 2024 Karnataka state PDF for district figures
